"total_pop","county_fips_code","commuters_by_public_transportation","commuters_by_car_truck_van","commuters_by_subway_or_elevated","white_pop","black_pop","asian_pop","hispanic_pop","amerindian_pop","other_race_pop","two_or_more_races_pop","not_hispanic_pop","median_income","median_age","families_with_young_children","high_school_diploma","bachelors_degree","graduate_professional_degree","bachelors_degree_or_higher_25_64","confirmed_cases","deaths","total_population","area_sqmi","population_density_per_sqmi","percent_below_poverty","percent_unemployed_CDC","eightieth_percentile_income","twentieth_percentile_income","income_ratio","stay_at_home_announced","stay_at_home_effective","date_stay_at_home_announced","percent_fair_or_poor_health","percent_smokers","percent_adults_with_obesity","percent_physically_inactive","percent_with_access_to_exercise_opportunities","percent_excessive_drinking","percent_adults_with_diabetes","percent_vaccinated","date","lat","lon"
5532,48195,9,2183,0,2950,4,0,2569,6,0,3,2963,40678,34.9,451,718,426,117,399,673,17,5552,919.809499999994,6.03603246106942,20,2.5,83438,21161,3.9430083644,"yes","yes","2020-03-31",24.092815647,16.335276137,25,21.9,87.689292713,17.248323624,6.4,29,2020-04-07,36.2774355569722,-101.354581302719
1084,48433,0,418,0,787,38,0,246,0,0,13,838,46786,51.9,75,273,71,28,74,134,4,1233,916.312210864012,1.34561122877253,18.9,6.9,101500,18250,5.5616438356,"yes","yes","2020-03-31",17.35799808,13.468019502,26.9,23,53.087248322,16.544903889,7.5,12,2020-07-18,33.1791948803327,-100.253384244473
2932,48079,7,1130,0,1104,77,0,1672,6,0,73,1260,37500,33.5,272,468,125,67,138,216,12,2955,775.081938284558,3.81250014229479,19.6,7,91417,14632,6.2477446692,"yes","yes","2020-03-31",29.513779769,17.98533803,25.2,22.2,47.521586185,15.391516973,16.7,21,2020-04-23,33.6041817114206,-102.828514992224
3836,48105,0,1673,0,1264,35,0,2537,0,0,0,1299,52310,35.5,406,733,166,53,149,472,13,3836,2807.32257046663,1.36642651626684,22.7,2.8,108737,21040,5.168108365,"yes","yes","2020-03-31",21.746863984,12.931940191,27.1,21.7,18.311374025,17.339386224,5.1,23,2020-06-05,30.7230944502138,-101.412057816521
8145,48307,2,3281,0,5067,161,0,2571,1,202,143,5574,42367,43.5,589,1597,671,261,556,467,12,8242,1065.60097581508,7.73460252670629,18.4,4.2,82214,18534,4.4358476314,"yes","yes","2020-03-31",20.154204216,14.433364696,35,31.7,53.990100205,17.00148794,13.1,23,2020-04-09,31.1988824522978,-99.3475443016915
3067,48421,7,1458,0,1712,8,0,1327,7,0,13,1740,54961,39.8,230,410,340,105,357,118,11,3069,923.035205375278,3.32490026613041,13.6,1,105000,27500,3.8181818182,"yes","yes","2020-03-31",18.584558011,13.42590776,27.7,27.2,37.607119314,19.101788905,4.2,36,2020-04-16,36.2777261836815,-101.89344515033
289,48269,0,158,0,212,0,0,77,0,0,0,212,56964,32.7,23,56,30,11,38,11,0,274,910.87207576913,0.300810626748699,3.3,4.1,112900,35786,3.154865031,"yes","yes","2020-03-31",17.414647444,14.322324636,22.7,20.7,0.6993006993,18.925467872,11.2,NA,2020-10-13,33.6165544039901,-100.255849436754
1591,48045,0,602,0,964,27,0,513,0,0,71,1078,42500,46.4,84,268,197,52,168,114,3,1672,900.000320286772,1.85777711664285,14.5,5.9,92409,20466,4.5152447962,"yes","yes","2020-03-31",19.311017965,14.333748709,26,28.5,71.227855834,16.689721391,10.2,29,2020-05-02,34.5302785018795,-101.208558878674
12755,48445,12,4228,0,5203,592,0,6858,31,0,71,5897,42441,34.6,1225,1904,696,349,814,1475,46,12724,888.838938111154,14.3153044431643,13.7,7,92309,23496,3.92871127,"no","no","2020-03-31",24.199254143,15.778872927,34.4,26.5,74.824124575,17.97325046,6,41,2020-03-25,33.1738063838315,-102.33517054199
1498,48101,2,553,0,803,153,0,490,5,32,15,1008,33534,47.6,146,264,114,63,110,176,7,1560,900.563123025378,1.73224947825899,25,11.6,64359,15222,4.2280252266,"yes","yes","2020-03-31",21.870811919,15.759202139,21.6,22.8,84.186046512,15.032039039,15.3,19,2020-04-27,34.0776492307986,-100.278800599552
3894,48435,0,1706,0,1528,3,0,2314,0,0,9,1580,60996,40.2,281,705,460,68,392,406,6,3936,1453.93451487261,2.70713705448066,9.2,6.6,109966,25865,4.2515368258,"yes","yes","2020-03-31",18.878810936,11.573098794,32.6,21.6,84.956395349,18.628306782,8.1,41,2020-06-19,30.498371180303,-100.538189570426
4432,48267,0,1796,0,3295,1,0,1049,21,15,51,3383,41095,52.6,279,776,388,254,332,227,6,4453,1250.9843804442,3.55959680201509,19,6,81655,21011,3.8862976536,"yes","yes","2020-03-31",19.230249201,13.992274084,30.6,27.9,60.646841763,15.508832995,7.5,24,2020-05-08,30.4868026222752,-99.7486962343151
2123,48327,0,937,0,1252,13,0,792,12,0,54,1331,37917,49.1,63,416,170,88,125,180,5,2163,902.02613338784,2.39793495990652,13.4,8.4,81840,17672,4.6310547759,"yes","yes","2020-03-31",18.318434615,11.869284283,33.5,24.8,76.85102587,15.966684169,13.8,27,2020-06-22,30.8898296552752,-99.8205977729943
5262,48247,19,1618,0,309,0,0,4938,0,0,15,324,31403,35.4,429,926,279,81,288,494,11,5218,1136.17259783026,4.59261208197133,20.9,18.4,81366,14286,5.6955060899,"yes","yes","2020-03-31",31.208334245,14.88099559,24.5,20.2,47.132075472,15.013137852,8.6,30,2020-04-23,27.0434242348101,-98.6973396407972
74,48301,0,33,0,55,0,0,12,4,0,3,62,80938,57.5,0,17,3,0,3,1,0,76,668.751593053372,0.11364458909623,16.4,0,110143,38000,2.8985,"yes","yes","2020-03-31",15.312154139,14.343419592,28.9,22.9,0,22.258310739,4.5,NA,2020-11-17,31.8492800478375,-103.580019509883
4836,48103,34,1903,0,1591,201,0,3036,3,0,5,1800,63935,32.1,455,709,213,126,263,487,11,4823,785.068807828726,6.14341055446978,11.7,3.3,111404,31464,3.5406814137,"no","no","2020-03-31",20.186260486,13.096422992,25.4,19.5,92.137142857,19.091822414,8.1,18,2020-03-19,31.4286237259156,-102.51560129016
2111,48137,0,668,0,909,0,0,1201,1,0,0,910,48462,49.1,126,272,308,23,224,207,3,2028,2117.86979049656,0.957565950985358,7.7,3.9,80857,16021,5.0469383934,"yes","yes","2020-03-31",21.473344892,12.522689092,27.1,28.2,2.8471528472,15.61331708,11.8,30,2020-06-25,29.9827206784587,-100.304770978455
3631,48271,16,1173,0,1382,4,0,2245,0,0,0,1386,34926,41.1,170,688,237,68,222,258,3,3578,1360.05418809155,2.6307775317546,20.5,14.4,91250,16650,5.4804804805,"yes","yes","2020-03-31",24.11285106,13.631369338,27.1,21.9,69.983324069,16.345338963,5.6,25,2020-05-30,29.3500927768627,-100.417996532847
7777,48495,0,3012,0,2870,181,0,4619,67,0,40,3158,55000,32.6,798,1014,380,109,375,639,15,7723,841.116122800504,9.18184753644503,17.3,4.1,107864,23286,4.632139483,"yes","yes","2020-03-31",23.752164326,15.13600526,37.4,25.7,97.566807314,18.526578951,9.7,17,2020-04-10,31.8500659053778,-103.048349642348
10140,48315,0,3300,0,7187,2402,0,394,34,0,106,9746,36938,49.8,665,2427,778,300,769,401,20,10191,380.890805630426,26.7556996634049,21.6,9,82618,15461,5.3436388332,"yes","yes","2020-03-31",19.826007938,16.990876974,40.2,26.4,28.541627157,15.537697023,18.1,37,2020-04-16,32.7979922985959,-94.3571804474496
1929,48011,0,828,0,1671,24,0,192,26,0,16,1737,68750,45.9,107,276,237,93,222,128,6,1913,909.10869388085,2.10425883381853,9.6,1.6,124750,34021,3.6668528262,"yes","yes","2020-03-31",12.287989974,11.749550267,29.3,23.2,2.524986849,19.849309985,9.2,26,2020-04-14,34.9649527020908,-101.357389972018
8403,48405,0,2317,0,5783,1746,0,584,128,0,162,7819,32394,48.9,540,2112,531,213,347,496,26,8556,530.656728174462,16.1234175423233,26.6,14.1,78070,14347,5.4415557259,"yes","no","2020-03-31",20.578427462,16.721798038,39.7,25.6,49.734912578,15.117083938,23.7,45,2020-04-01,31.394226076365,-94.1681954266233
1414,48155,0,559,0,1077,31,0,306,0,0,0,1108,50000,48.6,49,281,133,41,138,91,5,1320,704.396238958566,1.87394526971295,6.9,9.3,77217,21824,3.5381689883,"yes","yes","2020-03-31",16.076238472,12.589098433,28.4,23,41.392215569,17.082068194,7.6,27,2020-07-10,33.974618841559,-99.7779956377337
7251,48047,1,2253,0,417,5,0,6824,0,0,5,427,24794,31.8,630,942,412,201,437,685,29,7217,943.35414204553,7.65036127826922,34.7,12.9,66571,11022,6.039829432,"yes","yes","2020-03-31",38.22644594,18.203002328,36.9,25.8,42.018551848,13.457787455,11.9,39,2020-04-22,27.0315875856481,-98.218749180555
5895,48107,0,2293,0,2358,218,0,3266,0,0,53,2629,38674,37.7,482,1117,387,96,353,383,22,5987,900.198140032574,6.65075802065461,20,9.5,74949,16990,4.4113596233,"yes","yes","2020-03-31",25.491516215,15.568249799,28.6,23.5,32.414589866,15.957656171,4.9,39,2020-04-07,33.6146706207496,-101.299995314478
8650,48425,12,3390,0,6804,51,0,1648,30,6,62,7002,52346,40.6,578,1473,822,375,843,883,8,8673,186.463011458462,46.51324641902,17.6,3.5,113360,20315,5.5801132168,"yes","yes","2020-03-31",17.871938715,15.392775207,29.1,24.5,70.906949352,18.380190678,7.7,45,2020-06-09,32.222262133847,-97.7743624934325
1592,48235,7,605,0,1153,51,0,364,0,0,24,1228,63021,45.5,97,363,95,61,112,84,1,1631,1051.54338964149,1.55105344778599,11.7,3.3,115500,23406,4.9346321456,"yes","yes","2020-03-31",15.93669429,12.589310885,25.2,25.4,74.734208881,18.568268427,6.8,38,2020-06-02,31.3039196266489,-100.982398569326
3735,48383,0,1625,0,1078,27,0,2620,0,0,10,1115,59760,33,295,679,179,80,211,358,7,3625,1175.31345487465,3.08428358831867,17.5,4.3,116432,29114,3.9991756543,"yes","yes","2020-03-31",24.816226314,14.999010754,28.3,19.8,92.871992872,18.281456935,6.3,19,2020-05-27,31.3662176804541,-101.523106746708
1420,48173,0,542,0,844,0,0,576,0,0,0,844,64886,38.3,63,212,187,50,215,94,1,1253,900.217265981246,1.39188621164049,5.3,2.7,141333,23969,5.8964913013,"yes","yes","2020-03-31",20.098769561,15.073828412,23.9,21.9,0,19.022830529,10.9,43,2020-04-30,31.8694801411351,-101.520788514188
3602,48023,0,1364,0,3020,116,0,365,0,0,101,3237,36157,48.1,183,581,515,120,469,274,9,3639,867.481690923176,4.19490121587162,12.7,1.4,88111,20310,4.3383062531,"yes","yes","2020-03-31",17.134811954,14.241596398,26.6,25.2,85.856146001,17.165564257,11.7,18,2020-06-05,33.6165209412812,-99.2135354570068
5547,48317,0,2332,0,2977,36,0,2500,26,0,3,3047,71115,31.7,585,901,448,223,495,569,18,5451,914.95540557869,5.95766740844857,10.6,3.4,165061,30845,5.3513049117,"no","no","2020-03-31",18.754981817,13.53934553,35.8,27.1,38.091269014,20.334775668,4.2,35,2020-03-26,32.3059965146753,-101.95128102107
600,48311,0,144,0,292,0,0,303,5,0,0,297,71389,42,38,149,49,34,46,70,2,671,1139.79853885535,0.588700526563103,8.8,15.2,119308,33833,3.5263795702,"yes","yes","2020-03-31",18.195807127,12.279315544,26.4,30.1,23.479490806,18.20323211,11,28,2020-07-14,28.352687858236,-98.5678619416595
1139,48431,0,397,0,654,3,0,465,0,0,17,674,50000,42.4,108,333,103,64,142,97,4,1233,923.448947259152,1.33521187463542,15.5,1.3,98650,28250,3.4920353982,"yes","yes","2020-03-31",21.379731391,15.259652541,24.9,23,55.380577428,17.766335889,10.7,38,2020-08-13,31.8277966607174,-101.050087524354
27436,48407,0,9279,0,20537,2932,2,3433,131,0,401,24003,43421,44.2,1871,7404,1428,497,1043,634,21,27172,569.242634636622,47.7335996052814,17.2,7.4,87911,21050,4.1762945368,"no","no","2020-03-31",19.765732006,16.528465331,30,26.1,74.090357793,16.798924953,14.3,38,2020-03-29,30.5795354731443,-95.1668974946141
2083,48359,0,651,0,1579,117,2,322,1,0,62,1761,62426,29.9,84,296,227,80,214,167,2,2069,1500.52331694889,1.37885228215382,13.2,5.5,124000,25111,4.9380749472,"no","no","2020-03-31",16.317279162,14.869413667,23.2,22,23.635477583,19.480008629,5.8,40,2020-03-21,35.4049991150904,-102.602809380924
2224,48125,2,599,0,1528,69,2,614,7,0,4,1610,43088,43.2,110,367,158,86,182,136,7,2237,901.72372671838,2.4808041905929,19,11.8,85667,12442,6.8853078283,"yes","yes","2020-03-31",20.818204655,15.398531646,23.7,23.6,37.234042553,17.564782578,5.5,26,2020-04-08,33.6164650783189,-100.778919713357
4887,48333,0,1727,0,3971,11,3,892,0,0,10,3995,46318,47.3,161,825,502,267,533,344,16,4871,748.260821153452,6.50976218759029,14.5,3.9,85714,16426,5.2181906733,"yes","yes","2020-03-31",17.44059984,13.543155882,29.7,29.1,24.169367909,16.692236985,6.6,18,2020-05-19,31.4952060783377,-98.595452114014
8481,48501,0,3517,0,2813,0,3,5516,13,0,136,2965,62500,31.7,941,1088,517,219,571,801,24,8316,799.71473854653,10.3987079381758,12,9.1,133880,27631,4.8452824726,"yes","yes","2020-03-31",22.369229302,13.830263694,33,27.9,66.89935271,18.708652785,9.5,17,2020-04-18,33.1730000467639,-102.827791918144
12152,48507,16,3853,0,660,61,4,11374,11,0,42,778,25988,30.8,1154,1518,388,142,445,1208,28,12107,1297.40626213165,9.33169536279877,35.8,12,65471,12960,5.0517746914,"yes","yes","2020-03-31",40.990687303,19.871283588,24.2,20,58.50817847,13.780125093,4.1,26,2020-04-17,28.8662163572171,-99.7605480874628
3026,48087,0,1288,0,1824,105,4,946,129,0,18,2080,46348,39.8,231,598,221,101,232,237,8,3032,918.440106245064,3.30124956367158,19.7,4.9,88462,21588,4.0977394849,"yes","yes","2020-03-31",20.261562409,14.886680281,29.1,20.4,70.526660124,17.577358557,7.7,14,2020-05-05,34.9648411751018,-100.270023116957
3122,48413,10,1371,0,1489,9,4,1618,0,0,2,1504,63432,35.2,233,371,305,93,286,189,6,3171,1310.64102710524,2.41942678004187,13.2,4.6,92125,21563,4.2723646988,"yes","yes","2020-03-31",18.309302094,11.995239086,23.6,20.5,77.174227102,18.907143064,6.2,24,2020-06-13,30.8974240880618,-100.538324817357
7293,48391,0,2747,0,3084,363,5,3626,8,0,207,3667,50338,42.3,507,1386,438,158,364,536,17,7315,770.484131421018,9.4940307031487,15.8,7.5,84513,18928,4.4649725275,"yes","yes","2020-03-31",21.664581318,13.956368873,21.7,27,39.049167005,17.058961771,10.5,28,2020-05-04,28.3252648694359,-97.1656323793637
1541,48447,1,593,0,1271,2,5,244,0,0,19,1297,37279,48.2,87,283,178,45,155,56,3,1520,912.551861555084,1.6656587576401,13.3,3.1,100386,14926,6.7255795257,"yes","yes","2020-03-31",16.923999688,13.737391593,25.5,25.8,57.343083486,16.616589085,6.5,18,2020-07-03,33.1774927378627,-99.2123560906497
10639,48159,18,3804,0,8468,481,5,1479,57,0,137,9160,43967,42.9,717,1775,1031,392,865,565,16,10571,284.391268673314,37.1706207764878,16.8,6.5,100082,22318,4.4843623981,"no","no","2020-03-31",16.630940258,14.262096896,36.9,34.3,7.5153229609,17.93325704,13.7,49,2020-03-29,33.1755311569528,-95.2184416195212
2257,48109,0,861,0,392,8,6,1821,0,0,30,436,33125,41.2,191,441,104,37,95,294,4,2259,3812.15475867851,0.592578251147151,23.8,4.6,65450,16000,4.090625,"yes","yes","2020-03-31",35.180833929,18.542606778,35,25.1,93.077564637,13.760502881,15.4,14,2020-06-20,31.4470722561989,-104.517329553043
3348,48417,0,1403,0,2867,6,6,391,10,0,68,2957,46685,42,273,469,449,163,455,187,1,3323,914.285387720112,3.63453254818643,18.5,4.9,84158,18785,4.4800638808,"yes","yes","2020-03-31",16.495128621,14.398259877,28.1,25.1,79.662522202,18.238998748,7.7,45,2020-05-07,32.735954171452,-99.354054617285
3753,48275,0,1381,0,2228,225,6,1255,5,0,34,2498,46319,40.6,333,742,383,119,355,207,12,3807,850.624807720386,4.47553370821913,14.7,5.4,90741,20517,4.4227226203,"yes","yes","2020-03-31",19.60260266,14.596867712,24.8,21.8,39.338531863,17.871021682,7.5,13,2020-04-07,33.6061292283229,-99.7414552485281
5599,48483,0,2370,0,3825,150,7,1485,6,0,113,4114,50910,39.4,424,981,429,119,395,431,9,5642,914.522574425834,6.16933923532967,17.2,5.4,98346,21180,4.6433427762,"yes","yes","2020-03-31",19.00447502,15.330999713,25.9,24.9,62.883548983,17.627165783,6.3,36,2020-04-22,35.4012180512429,-100.269776446385
11246,48379,0,4157,0,9653,172,9,973,109,0,330,10273,48308,47.6,772,2529,601,283,595,632,20,11087,229.452915093732,48.3192815200057,10.7,6.6,92608,22069,4.1962934433,"yes","yes","2020-03-31",16.000223471,14.303197822,30.8,20.6,51.850833791,17.57803524,26.3,38,2020-04-10,32.8703561931025,-95.7933968402115
3575,48461,5,1313,0,1537,238,9,1778,4,3,6,1797,52750,33.7,397,695,145,102,168,286,7,3475,1241.3220230673,2.79943474410717,20.4,4.5,104063,21346,4.875058559,"yes","yes","2020-03-31",21.696459044,14.404818284,24,21.5,65.871833085,18.546288917,7.1,20,2020-06-19,31.3688033620005,-102.043159846069
7418,48283,0,2487,0,1308,92,10,5928,0,0,80,1490,44601,33.9,591,1539,548,222,540,814,15,7319,1486.70341362209,4.92297248593016,13.2,8.4,80443,18138,4.4350534789,"yes","yes","2020-03-31",27.677836159,14.495445635,29.5,24.6,0.3775776939,19.272072511,9.1,24,2020-04-16,28.3451506552035,-99.0995941527763
10429,48403,8,2914,0,8977,789,10,422,0,52,179,10007,33561,52.1,539,2812,749,410,674,452,28,10367,491.407369518234,21.0965497122349,23.2,8.3,78188,16966,4.6085111399,"yes","yes","2020-03-31",19.244590381,16.001867285,32.4,27.3,84.705556581,14.931138839,8.6,40,2020-04-09,31.3432325630682,-93.8517249344394
8839,48237,0,2901,0,6889,395,11,1439,33,12,60,7400,52829,40.6,537,2005,415,281,511,530,12,8866,910.665031274344,9.7357422274064,17.2,4.7,105500,20954,5.034838217,"yes","yes","2020-03-31",17.316867651,15.488605028,32.8,28.7,60.382574082,19.928416778,6.4,34,2020-04-09,33.2334688738586,-98.1724822473021
7510,48175,0,2623,0,4401,400,12,2675,0,0,22,4835,56737,46.4,501,1515,603,317,630,299,9,7463,852.010737451772,8.75927928129244,16.9,9.8,123000,19128,6.4303638645,"yes","yes","2020-03-31",19.147914104,14.273327131,28,29.9,58.418862691,17.442154911,8,38,2020-04-02,28.657090679436,-97.4264547712951
14187,48351,24,4598,0,10442,3024,12,490,28,0,191,13697,40180,43.5,849,4142,668,204,635,469,20,14138,933.676700435692,15.1422863967823,16.2,14.2,93322,17656,5.2855686452,"yes","no","2020-03-31",16.906913997,15.319755978,36.4,27.8,11.152647975,18.064015234,12.3,34,2020-04-01,30.7862593368716,-93.7448021113498
12530,48343,13,4578,0,8159,2953,13,1148,46,0,203,11382,40227,42.9,777,2866,893,529,1087,672,15,12653,251.984723562012,50.2133614337385,18.6,12.9,81088,18644,4.3492812701,"no","no","2020-03-31",18.111099272,15.090974965,38.4,32.5,37.83825576,16.78288879,11.3,43,2020-03-23,33.1134725169253,-94.7326447920381
4152,48211,0,1731,0,2568,31,13,1461,16,0,63,2691,68679,35.1,305,541,482,83,364,451,2,4151,906.28564926204,4.58023361991887,11.8,4.5,114000,28090,4.0583837665,"yes","yes","2020-03-31",17.527179252,13.898045766,31.8,28.8,85.657998424,19.327670293,8.2,34,2020-04-04,35.8375478972026,-100.270614094508
7541,48437,6,2308,0,3584,429,14,3253,41,13,202,4288,37883,35.6,630,1447,507,146,482,682,14,7639,890.15920540591,8.58161096757589,23.4,5.1,78380,16857,4.6497004212,"no","no","2020-03-31",25.073724278,16.792980833,24.2,30,54.023427553,16.657759012,6.5,23,2020-03-29,34.5303994774098,-101.735003001031
20913,48089,101,8815,0,11918,2727,14,6045,30,0,179,14868,50241,43.4,1379,4618,2137,551,1925,1251,17,20792,960.294217874056,21.6516975870482,14,3.3,98213,23587,4.1638614491,"yes","no","2020-03-31",18.711823852,13.387590158,26.8,32.5,57.492574495,17.349865638,10.3,31,2020-04-01,29.6208270324818,-96.526274257448
5953,48153,19,2146,0,2258,149,15,3440,12,0,79,2513,48767,37.1,452,800,489,176,453,631,25,6088,992.142091538152,6.13621783807354,22,7.6,81963,18307,4.4771398918,"yes","yes","2020-03-31",25.313393562,15.105742551,34.6,22.3,82.842072603,16.118053545,9.3,37,2020-04-08,34.0724328161038,-101.303243595094
5785,48305,2,2226,0,2853,77,15,2728,27,0,85,3057,44922,38.1,460,1008,523,123,512,571,18,5723,891.86660250419,6.41687891881018,19.8,11.1,106231,17797,5.9690397258,"no","no","2020-03-31",23.562188317,15.659791772,28.5,25.4,23.043110735,16.871932566,15.9,31,2020-03-28,33.1768407409032,-101.816132721074
3102,48191,0,1051,0,1760,231,15,1060,3,0,33,2042,31324,43.2,122,516,167,97,180,353,11,3162,883.491577921444,3.57898148552713,28.7,9.1,74083,14896,4.9733485499,"yes","yes","2020-03-31",28.068875163,18.762493013,26.1,26.9,42.618550552,13.875493326,11.9,25,2020-05-20,34.5307918871318,-100.681117659575
8220,48193,0,3124,0,6994,55,16,987,58,0,110,7233,46611,46.4,505,1659,982,354,887,546,21,8232,835.914049704578,9.8479024283768,14.8,4.9,100306,19732,5.0834177985,"yes","yes","2020-03-31",17.370285117,14.493903626,25.1,28.2,46.178231772,17.318551869,15.9,19,2020-04-07,31.7048222710683,-98.110709246327
15051,48255,6,5105,0,5684,1316,16,7965,15,0,55,7086,53051,35.3,939,2725,1031,378,1026,1387,26,14984,747.566671533772,20.0436971986158,24,4,113407,19301,5.875705922,"no","no","2020-03-31",22.901823829,15.513644048,28.6,20.9,50.836481382,20.096810665,3.5,43,2020-03-26,28.9057344295796,-97.8593895107291
3433,48129,0,1249,0,2809,126,16,365,23,0,94,3068,44429,41.9,228,607,290,136,244,289,8,3506,926.885716837144,3.78255909689027,15,4.9,87000,20909,4.160887656,"yes","yes","2020-03-31",16.672821332,13.943192478,28.4,22.6,77.8895839,18.083411784,11.5,21,2020-04-02,34.9654505941284,-100.813992600243
19406,48337,46,7279,0,16748,41,19,2072,50,0,476,17334,46592,44,1266,4068,1461,747,1442,1713,46,19384,930.905286534628,20.8227413469297,16.1,6,102344,22086,4.6338857195,"no","no","2020-03-31",16.704961302,15.19165216,30.6,32.9,41.072062478,17.586950303,12.4,26,2020-03-27,33.675688961316,-97.7246475390931
3990,48197,0,1604,0,2738,277,19,850,16,0,90,3140,37995,43.6,180,733,301,103,301,319,9,3952,695.113865795474,5.68539946398194,15.5,5.7,81808,18506,4.4206203393,"yes","yes","2020-03-31",18.787607519,14.989436422,32.4,31.6,34.211162116,17.463769166,8.6,35,2020-05-23,34.2902550211579,-99.7456978836053
3875,48151,0,1573,0,2575,111,19,1156,0,0,10,2719,45294,44,250,708,368,125,352,266,10,3847,898.940706977298,4.27948136082923,19.8,6.8,97521,20207,4.8260998664,"yes","yes","2020-03-31",18.609441203,13.446334601,23.3,21.6,3.6487166583,17.143556863,7.6,9,2020-05-15,32.7428185662215,-100.402194445457
10484,48357,0,4343,0,4662,18,20,5553,69,0,162,4931,50120,31.7,985,1523,849,282,924,965,19,10577,917.684184166404,11.52575165018,12.6,4.8,99488,24062,4.1346521486,"yes","yes","2020-03-31",20.86742026,14.624651397,24.4,39.5,88.310672014,19.679463046,18.7,33,2020-04-24,36.2783639576754,-100.815672367669
10822,48127,15,3347,0,1429,6,21,9362,0,0,4,1460,31384,33.5,1237,1369,400,261,438,904,13,10842,1328.88407401723,8.15872521312151,23.3,12.8,82600,13231,6.2429143678,"yes","yes","2020-03-31",34.340910676,17.068464543,32.5,30.2,67.647058824,14.332915345,5.4,33,2020-04-11,28.4225923676025,-99.7566563901681
9871,48369,40,3912,14,3468,161,22,6161,14,0,45,3710,50410,34.1,867,1838,747,230,760,1113,32,9921,880.819184125402,11.2633786579602,16.8,3,102907,26091,3.944156989,"yes","yes","2020-03-31",23.954149756,14.769685464,40.2,30.9,74.457103905,17.645029454,9,31,2020-04-19,34.5300792775006,-102.784482672251
21839,48489,0,5872,0,2415,142,22,19208,2,0,47,2631,29104,33.4,1572,3998,930,300,1000,1970,69,21944,590.586224238554,37.1563018224689,37.2,13.4,71222,11610,6.1345391904,"no","no","2020-03-31",37.482950081,18.972376919,40.3,28.5,33.514050782,15.682124792,24,53,2020-03-27,26.4685292883092,-97.6702232173037
3495,48295,0,1510,0,2308,13,25,1046,24,2,76,2449,59583,35,330,690,314,112,320,248,10,3507,932.176572543562,3.76216277398037,10.4,5.8,106091,25532,4.1552169826,"yes","yes","2020-03-31",17.45795832,13.919322732,28.1,28.1,0.5148394912,19.097776287,5.7,29,2020-04-28,36.2776454873755,-100.273151729792
27358,48185,0,9649,0,16051,4259,28,6468,71,13,468,20890,49745,40.4,1788,5056,1703,874,1689,1889,52,27140,787.470097016652,34.4648007623661,20.3,5.9,104392,19942,5.2347808645,"no","no","2020-03-31",20.608906001,16.58932446,36.9,35.7,39.715832206,17.807869126,14.6,47,2020-03-25,30.5434861801344,-95.9855192967837
10369,48077,0,3910,0,9370,56,29,587,126,0,201,9782,46863,46,534,2386,953,379,931,874,13,10367,1088.72561610502,9.52214207753148,15.4,6.7,101524,23722,4.2797403254,"yes","no","2020-03-31",16.382639106,14.894115404,31.8,33,18.526785714,19.234673903,15.6,45,2020-04-01,33.7855133644595,-98.2085217216812
25939,48171,59,10047,0,19614,20,31,5849,3,0,422,20090,56267,50.2,1364,5080,4621,1734,3622,1830,32,25732,1058.21141635542,24.3165019789934,10.8,5.9,112568,24792,4.5404969345,"yes","yes","2020-03-31",16.826731912,12.446428243,28.9,29.7,70.902282884,16.451259593,3.9,51,2020-04-02,30.3180471985844,-98.9465806571396
6033,48065,4,2703,0,5215,39,32,586,23,0,125,5447,67010,41.1,429,992,753,432,875,331,11,6027,920.219965808398,6.54952101012651,5.9,2.2,126208,27792,4.5411629246,"yes","yes","2020-03-31",13.092575899,12.556451868,27.6,23.5,72.403752831,20.559440704,8,44,2020-04-18,35.4035008286227,-101.354213001519
17289,48145,64,5111,19,8909,4196,32,3939,39,0,158,13350,38834,39.2,1210,3905,1148,298,902,1308,22,17265,765.484123262384,22.5543541339813,24.3,6.2,78114,12433,6.2827957854,"no","no","2020-03-31",23.1299135,17.621546435,39.6,35.4,44.688234636,16.366978668,15.5,34,2020-03-24,31.2532868359396,-96.9358757606739
11498,48475,0,4341,0,4758,553,32,6001,64,15,75,5497,63333,33.6,885,2077,669,306,715,953,13,11396,835.602368865078,13.6380656932294,16.6,5.2,105464,21561,4.891424331,"yes","yes","2020-03-31",20.966641957,14.068025582,42.2,30.6,81.900919497,18.322799968,21.7,19,2020-05-23,31.5094967041788,-103.102509617058
11434,48131,0,3444,0,1025,165,32,10211,0,1,0,1223,35443,36.8,866,2071,394,247,433,1058,32,11510,1793.47692334313,6.41770175584127,24.5,11.5,75934,14496,5.2382726269,"yes","yes","2020-03-31",32.804554898,15.741370984,25.9,23.2,57.740621287,15.091784829,11.4,34,2020-04-14,27.6813869706477,-98.5088786997695
8793,48009,14,3990,0,7787,74,34,731,23,0,144,8062,63192,44.8,477,1753,1122,333,1178,694,10,8750,903.11406843732,9.68869858836363,8.1,3.3,116886,26571,4.3990064356,"yes","yes","2020-03-31",13.891397662,14.062606986,26.8,19.3,22.509388116,19.251832626,11.5,46,2020-05-15,33.6152258248877,-98.6876480159717
20558,48177,115,8152,0,8703,1369,36,10293,14,0,138,10265,47516,36.9,1739,4062,1278,465,1288,1962,29,20370,1066.68587533064,19.096531107329,17.2,6.5,100011,22255,4.4938665468,"yes","no","2020-03-31",24.074197011,15.775322512,30.5,26.4,40.268591912,16.772022678,23.5,39,2020-04-01,29.4566852320623,-97.4925552588455
5172,48119,11,1796,0,4214,411,38,357,9,2,141,4815,42642,43.7,338,1042,454,170,444,213,5,5226,256.825127192498,20.3484762457957,21.5,9.4,98500,21583,4.5637770467,"yes","yes","2020-03-31",18.009879663,16.167868908,33.7,25.1,69.336646913,17.773060607,10.6,42,2020-04-08,33.386282165734,-95.6723471970233
43315,48499,52,14135,0,36029,2389,38,4167,260,49,349,39148,48038,48.1,2278,8587,3719,1309,2998,2553,85,43198,645.2360368437,66.9491434658727,13.3,9.3,97071,21085,4.6037941665,"yes","no","2020-03-31",15.970259565,13.611787946,28,31.9,39.455247355,17.194400092,17.9,40,2020-04-01,32.7864121700688,-95.3820819691138
17346,48415,22,6403,22,9306,784,38,6891,21,30,276,10455,54565,35.6,1522,2572,1258,601,1310,2270,46,17314,905.444129528286,19.122107521996,8.1,4.3,106469,25164,4.2310046098,"yes","yes","2020-03-31",19.793088498,14.650100745,29.6,33.5,40.239938538,19.50207142,8.4,31,2020-04-09,32.74629046677,-100.916438214519
3858,48095,0,929,0,1731,26,38,2046,4,0,13,1812,46696,41.9,118,721,237,86,213,245,4,4142,983.754690841898,4.21039923728879,10.6,1.9,95143,16825,5.654858841,"yes","yes","2020-03-31",18.961250515,12.965006404,28,24.9,70.124785907,16.978536179,5.3,40,2020-04-10,31.3265798560022,-99.8640376892039
41430,48481,69,17706,0,18756,5725,38,16682,28,33,168,24748,50145,37.3,3260,7908,2560,1463,3033,2988,84,41377,1086.15004433531,38.0951050140788,17.7,5.7,106073,20375,5.2060368098,"no","no","2020-03-31",23.01881359,15.445720424,36.7,26.8,62.65503876,17.222371431,15.1,36,2020-03-25,29.2778861828624,-96.2221033601363
6739,48169,0,2267,0,2726,300,38,3639,6,7,23,3100,53832,40.1,310,1148,412,104,368,278,18,6614,893.41332518568,7.40306844944964,13.4,2.9,92905,28592,3.2493354785,"yes","yes","2020-03-31",19.920813034,14.325170938,22.6,21.7,12.753443739,22.394245704,5.2,33,2020-04-30,33.1798720632354,-101.29846543076
12670,48063,23,4944,0,7168,2140,40,3034,49,0,239,9636,41811,36.8,1056,2412,964,399,1003,969,32,12631,195.82505213603,64.5014509748521,19.3,6.6,83698,20719,4.0396737294,"yes","no","2020-03-31",20.616382553,16.051539618,27.9,25.4,60.140311265,16.698926507,16,35,2020-04-01,32.9732209909126,-94.9785255849076
14990,48353,0,5806,0,8548,733,42,5456,59,0,152,9534,42019,38.8,1182,2570,948,349,903,1399,38,15017,911.996761551378,16.4660672417903,17.6,6.3,91837,18585,4.9414581652,"yes","yes","2020-03-31",21.067346741,14.887025311,35.9,36.5,76.360410095,17.562277647,18.9,33,2020-04-24,32.3035148512724,-100.405966119883
9365,48429,20,3389,0,6756,204,44,2176,58,20,107,7189,45862,39.2,646,1825,712,371,760,629,19,9787,896.719053675382,10.9142322334805,22,6,89049,17490,5.0914236707,"yes","yes","2020-03-31",19.996193352,16.143652313,30.7,32.8,56.344755971,18.368215117,8.1,32,2020-04-10,32.735877271179,-98.8361919892677
3702,48229,0,903,0,684,55,44,2901,0,0,18,801,26346,38.8,233,553,169,18,152,466,8,3481,4570.52316764135,0.761619594151712,37.9,5.6,59219,11321,5.2308983305,"yes","yes","2020-03-31",34.256621432,18.696341829,34.2,25.5,0.4602991945,15.317812228,16.6,23,2020-05-26,31.4562397209649,-105.386478128999
18278,48133,0,6552,0,14595,411,44,2923,76,0,229,15355,32135,43,1130,3645,1032,562,1140,972,23,18252,926.490091631314,19.7001567149659,17.6,5,75536,15980,4.7269086358,"no","no","2020-03-31",18.54509811,15.130464026,34.6,29.4,53.010816338,17.789791464,5.8,40,2020-03-25,32.3270807583994,-98.8323172648117
14756,48239,121,6136,0,8765,1049,44,4760,0,0,124,9996,58504,39.2,1167,2848,1301,482,1375,1284,23,14678,829.442326899994,17.6962273614109,13,5.1,99770,24324,4.101710245,"no","no","2020-03-31",18.669127988,13.883057626,33.4,25.7,50.046181172,19.111171306,16.5,38,2020-03-26,28.9542359892173,-96.5776408524801
14481,48455,26,4401,0,11454,1382,52,1347,44,0,202,13134,37398,48.5,785,3308,878,365,689,503,12,14360,693.628583525244,20.7027223806404,15.5,10.2,76420,17644,4.331217411,"yes","yes","2020-03-31",20.181359844,16.632064225,39.6,28.8,80.706205005,15.343316562,29.3,37,2020-04-04,31.0888418869498,-95.1355057206965
29292,48015,8,12237,0,18533,2601,58,7598,11,28,463,21694,62614,40.9,2173,5031,3075,1368,3493,1404,18,29107,646.49136448477,45.0230298485073,14.5,5.8,117074,25103,4.6637453691,"no","no","2020-03-31",17.116888869,13.560554297,31.5,29.3,26.494703874,19.415096651,10.4,40,2020-03-25,29.8870103588646,-96.2779012170143
11089,48031,0,4274,0,8601,1,64,2119,0,0,304,8970,58500,49.5,515,2069,1453,884,1430,318,11,10918,709.249466966982,15.3937373357353,9.7,6.1,124915,28888,4.3241138189,"no","no","2020-03-31",16.317222287,13.394388603,29.4,27.5,49.880918358,17.434835553,12.4,44,2020-03-25,30.2663627446647,-98.3998878308389
13368,48279,8,5067,0,5319,484,72,7347,39,0,107,6021,43712,35.6,1063,2354,945,444,1100,1799,73,13561,1016.18091750265,13.3450646104704,20.8,4.7,83543,17862,4.6771358191,"no","no","2020-03-31",26.104734081,16.316045368,26.4,27.6,69.37110968,16.320580831,18.2,36,2020-03-28,34.068614290812,-102.35172621597
19646,48161,7,6970,0,13269,3164,72,2891,30,0,220,16755,45890,40.6,1380,3662,1200,407,1184,988,30,19585,877.730263105658,22.3132331460268,16.6,5.5,107585,19724,5.4545224092,"yes","yes","2020-03-31",19.499611292,16.225948267,34.9,39.5,34.719418652,17.358596604,18.8,37,2020-04-15,31.7049100261666,-96.1490908786672
13095,48115,12,4483,0,4752,740,112,7390,52,0,46,5705,43201,33.1,1027,2254,771,298,865,1575,59,13317,900.305522720814,14.7916453514077,16.3,7.4,93305,16734,5.5757738736,"no","no","2020-03-31",25.453169093,16.164550294,29.2,28.1,68.307670064,17.883088687,16.7,23,2020-03-29,32.7425608730274,-101.947655178528
19110,48163,13,6441,0,3140,679,120,15006,0,81,84,4104,37382,31.3,1355,2968,648,179,691,2148,24,18542,1133.50030094582,16.3581782770839,21.3,6.9,90038,16538,5.4443100738,"yes","yes","2020-03-31",28.351285182,15.792629049,24.5,24,40.587791137,18.515920127,4.2,35,2020-04-08,28.8677925370046,-99.1082118164806
21704,48233,0,8738,0,15474,431,120,4887,286,6,431,16817,50035,36.9,1818,3603,1412,534,1550,1253,57,21782,887.419981986892,24.5453116248646,16.5,4.9,102186,20908,4.8874115171,"yes","yes","2020-03-31",18.278601693,15.468328875,30.7,34.9,84.063205418,19.197580119,11,38,2020-04-04,35.8400433223621,-101.354689978787
30118,48067,25,11115,0,23015,5106,128,1306,4,2,543,28812,41432,42.9,1988,8064,2248,968,2205,1499,59,30346,936.963177879674,32.3876121457327,19.2,8.8,86808,19033,4.5609205065,"no","no","2020-03-31",17.74558908,15.487323412,37.3,33.5,36.314994748,16.935719066,20.3,35,2020-03-20,33.0775418664454,-94.3435511456577
16850,48287,0,7085,0,10731,1853,144,3916,0,27,179,12934,55741,41.3,995,3606,1414,617,1534,1182,34,16754,629.0393475202,26.6342639233104,14.8,6,97559,21232,4.5949039186,"yes","yes","2020-03-31",17.961763839,14.878234008,41.1,35,47.188779196,18.406643853,15.5,48,2020-04-02,30.3106593985254,-96.9657010404066
14791,48389,0,4715,0,2693,661,168,11096,54,34,85,3695,49390,35.4,992,2150,683,250,792,1522,33,14438,2635.35244738742,5.47858409387072,14.7,7.7,97325,20839,4.6703296703,"yes","yes","2020-03-31",24.792897512,14.629754016,28.3,25.6,72.074294421,20.084789362,7.2,28,2020-05-08,31.3230330694176,-103.692996015905
33787,48147,0,12063,0,26834,2189,224,3580,150,21,771,30207,47875,41.9,2077,6457,2603,1264,2757,2439,66,33757,890.831882348962,37.8937941814441,16.5,6.4,98526,21746,4.5307642785,"no","no","2020-03-31",17.2612212,15.582923899,30.2,30.7,39.324782545,19.232736233,6.8,43,2020-03-20,33.5938381116098,-96.1068695806598
36491,48227,57,13540,0,18262,1891,288,15030,247,4,748,21461,50855,36.7,2469,5637,2271,911,2542,4196,79,36423,900.791077646178,40.4344591147323,14.9,6.6,100919,22680,4.449691358,"yes","yes","2020-03-31",20.826293871,15.510638057,39.6,24.7,81.983320005,19.740688208,13.9,38,2020-04-10,32.306169328812,-101.435594809715
129100,48091,113,52623,27,88661,2547,1344,34565,124,132,1683,94535,73655,42.2,8545,19148,21295,10924,23901,7314,190,124234,559.51095843715,222.04033384264,9.2,4.5,142813,34141,4.1830350605,"no","no","2020-03-31",15.188534793,12.558235487,30.3,20.9,83.905524006,19.861001888,5.4,44,2020-03-24,29.8081935545715,-98.2782823243836
3358,48385,0,956,0,2685,7,1,664,0,0,1,2694,36493,54.3,251,494,391,139,342,263,12,3348,699.158484632412,4.7886138459154,18.4,6.7,69481,14542,4.777953514,"yes","yes","2020-03-31",21.118462783,14.842645723,25.6,25.7,74.8564521,15.017011067,10,35,2020-06-05,29.831778799035,-99.8222038255969
5851,48411,0,2206,0,3823,161,1,1739,0,0,127,4112,40301,40.9,353,989,449,177,388,487,15,5881,1135.30988264111,5.18008350840638,18,3.9,86435,18840,4.5878450106,"yes","yes","2020-03-31",21.319313332,15.79116238,25.4,27,46.566628609,17.396475699,6.2,23,2020-05-19,31.1552079314115,-98.8175945325331
12353,48387,1,4291,0,9035,2176,1,897,27,0,217,11456,35356,45.6,714,2845,934,290,866,549,31,12455,1043.87569851732,11.9314972249,16.5,6.9,77100,15888,4.8527190332,"yes","yes","2020-03-31",21.349289859,16.970871195,39.4,39.6,35.754276827,15.872737119,18.6,49,2020-04-16,33.6207581176665,-95.0502812743802
20474,48123,11,7228,0,11383,1852,1,7062,0,0,176,13412,50960,41.2,1637,4674,1423,542,1563,1553,50,20660,908.975980584798,22.7288734150139,16.2,6.7,110225,20033,5.5021714172,"no","no","2020-03-31",21.848624732,15.261431491,26.6,34.2,60.113449769,17.398652838,15.3,29,2020-03-19,29.0820692401193,-97.3567514839797
564,48261,0,174,0,64,0,1,499,0,0,0,65,24800,29.8,44,86,11,11,22,30,2,558,1458.45223645931,0.382597376897758,22.8,0,60375,17462,3.4575077311,"yes","yes","2020-03-31",30.347698305,16.071325305,23.7,20.6,0,14.565982803,9,44,2020-07-03,26.9296206398539,-97.7154281939361
245720,48309,482,103065,63,139446,34865,3713,63010,465,269,3920,182710,46262,33.2,20120,33245,21969,11954,26301,21894,344,243394,1037.10919069675,234.685028522873,19.9,5.6,100595,19738,5.0965143378,"no","no","2020-03-31",20.283649634,15.744620118,32.8,23.6,65.814410871,18.780887596,9.8,49,2020-03-18,31.552379711321,-97.2017689923516
126146,48181,203,50687,0,96360,6995,1665,15999,1614,217,3234,110147,52683,40.2,9050,21146,11483,5734,12688,8983,225,124231,932.820983345296,133.177750305831,15.6,7.5,103177,23156,4.4557350147,"no","no","2020-03-31",16.860260315,14.841121999,30.4,33.8,66.638814663,18.701534112,13,50,2020-03-24,33.6267816670388,-96.6777313864105
160173,48251,107,67514,0,117957,4506,1219,32475,664,91,2673,127698,60458,36.9,12168,27421,13984,5347,15284,14435,213,157544,724.799204165384,217.362269570114,12.1,6.3,112554,29975,3.7549291076,"no","no","2020-03-31",16.373406127,14.507444179,38.9,28.1,70.569255436,20.624871439,12.2,46,2020-03-19,32.379018449699,-97.3663551053277
46974,48373,154,15967,0,33325,4895,289,6946,694,42,722,40028,43267,43.4,2713,9217,3086,1025,2833,2492,70,46583,1057.04427402505,44.0691096339982,18.2,9.4,96017,19675,4.8801524778,"no","no","2020-03-31",19.969311499,16.389050824,43.7,30.9,39.878448902,17.95622793,16,45,2020-03-29,30.7926961901348,-94.8300472731062
40306,48259,19,16149,0,29661,278,289,9285,12,0,748,31021,81023,42.4,2378,5087,7464,3285,7940,1890,44,39010,662.453553214162,58.8871473490136,6.1,4.7,163476,36814,4.4405932526,"no","no","2020-03-31",14.471163322,11.960716759,23.4,23.7,76.117928764,19.568560159,6.3,47,2020-03-25,29.9446660633187,-98.7115612803907
39064,48097,21,16792,0,29844,976,337,6774,259,25,789,32290,60027,40.5,2896,6073,4098,1847,4180,2806,48,38878,874.820364841948,44.4411236437369,15,6.5,110342,26944,4.0952345606,"yes","yes","2020-03-31",16.168022976,14.555913397,24.1,27.4,52.0384005,19.423579377,7.7,41,2020-04-10,33.6392652293645,-97.2125954372263
839539,48215,960,273909,0,55339,3522,7953,770794,593,202,1021,68745,37097,28.9,92776,88929,59522,23471,71969,56455,2018,828334,1570.89862733268,527.299461332191,32.8,9,84317,14937,5.6448416683,"no","no","2020-03-31",30.499781838,14.561317141,34.4,21.6,59.301675725,16.270067138,11.1,46,2020-03-24,26.3968872836939,-98.1812120719069
254574,48245,555,99798,3,106135,85901,9264,49725,588,159,2697,204849,46315,36,19834,46316,21920,9941,25150,15937,263,252993,876.309228980432,288.702882080053,20,7.3,102944,18968,5.4272458878,"no","no","2020-03-31",20.915803628,16.567076593,35,32,65.082271983,17.450521828,14.2,42,2020-03-24,29.8840570812561,-94.1629365803417
22016,48341,42,10056,0,7410,700,1735,11920,59,0,192,10096,52469,30.5,2350,2318,1327,365,1343,2116,57,22186,899.690539455214,24.6595901891268,17.8,3.9,95579,28300,3.3773498233,"no","no","2020-03-31",22.433994191,14.812547254,27.6,24.9,76.762235208,18.010565564,8.3,40,2020-03-30,35.837720574645,-101.892996138032
28109,48363,53,10263,0,21203,681,177,5539,175,34,276,22570,45067,41,2029,5315,2239,931,1976,2298,50,27922,952.248679996744,29.3221724393417,17.9,6.7,96030,19295,4.9769370303,"yes","yes","2020-03-31",18.90812556,15.966305298,32.1,30.2,47.291096012,18.043938754,10.7,44,2020-04-02,32.7531573539265,-98.3130233156078
53607,48467,12,20223,0,45206,1406,249,5510,294,22,863,48097,50061,43.3,3615,10161,4419,1740,4396,3154,77,53070,842.565561677666,62.9861964620655,15.8,5.9,99682,22686,4.3939874813,"no","no","2020-03-31",16.517652958,14.351332927,26,27.2,37.012875863,17.945981602,11.5,40,2020-03-19,32.5637189086043,-95.8365026735641
34667,48477,18,13973,0,22344,5882,612,5372,93,0,323,29295,55793,42,2229,5936,3876,1678,3731,1668,69,34544,603.959929561258,57.1958474548042,14.4,4.9,106353,22909,4.6424112794,"no","no","2020-03-31",18.14988956,14.541904622,29.6,34.6,61.216560887,17.581614157,16,41,2020-03-28,30.2145304952092,-96.4034520232326
420201,48061,835,142682,11,39240,1560,2706,375256,514,150,756,44945,36095,31.4,41474,49954,29742,12145,34252,32698,1126,418785,891.081353662018,469.973923569321,33,9.4,81705,14433,5.6609852422,"no","no","2020-03-31",31.356670731,13.181444551,30.8,24.5,65.609275762,15.492334581,10.5,42,2020-03-19,26.1319696726336,-97.5222458222868
90414,48397,327,39533,70,65357,5437,2195,15419,201,41,1764,74995,93269,37.2,6743,10165,15356,7947,19720,8222,78,88010,127.106691921512,692.410436221139,6.2,5.4,163251,43865,3.7216687564,"no","no","2020-03-31",13.494273966,12.767917298,24.9,31.8,90.16811979,21.325377182,14.7,51,2020-03-26,32.8977288977373,-96.4077915171962
125963,48367,103,53281,0,106370,1642,613,14461,622,132,2071,111502,70608,39.6,9252,18554,16056,6727,18911,11314,115,123601,903.477027869542,136.805913362799,9.4,5.6,141346,34525,4.0940188269,"no","no","2020-03-31",13.797306127,13.861533433,34.9,29.8,52.577249053,19.399463801,6.6,46,2020-03-24,32.7776533323947,-97.8050749242639
87700,48005,126,33612,0,53704,12878,933,18871,60,94,1151,68829,46472,36.8,6844,14150,6426,3111,7183,6765,193,87657,797.779430843078,109.876234722379,19.6,8.3,88122,19834,4.4429767067,"no","no","2020-03-31",20.900429989,15.856965822,40.7,34.5,65.127750055,15.738964327,14.3,48,2020-03-26,31.2547780608992,-94.6118610593483
27015,48463,0,10727,0,7325,40,275,19158,108,0,107,7857,40781,33.8,2466,3349,1823,698,1814,2733,48,27055,1551.9445955955,17.4329676953568,20.7,6.4,83593,17396,4.805300069,"no","no","2020-03-31",27.027628569,15.015463597,31.4,30.3,76.637000568,16.58947828,15.7,32,2020-03-27,29.357300664707,-99.7622254557405
123402,48183,82,51044,35,71967,24790,1679,22449,385,138,1930,100953,47970,35.4,10668,18338,11233,4923,12221,8451,221,123283,273.372031107302,450.971518558934,18.2,5.8,99299,21532,4.6116942226,"no","no","2020-03-31",19.589410124,16.109610448,30.3,27.7,81.591226485,17.414680769,10.4,48,2020-03-11,32.4804733717139,-94.8169623302702
21456,48457,3,5883,0,17081,2313,73,1564,21,62,342,19892,44396,43,1151,4922,1472,348,1194,999,19,21371,924.49456900435,23.1164148676567,15.7,10.3,91077,18914,4.8153219837,"yes","yes","2020-03-31",17.056772932,15.101168377,33.2,33.7,51.87907746,18.41350783,6.8,31,2020-04-04,30.7712364484497,-94.3766048168476
20195,48299,0,6465,0,17593,150,77,1983,28,1,363,18212,50524,57.1,798,3362,2981,1316,2046,805,30,19624,934.051587330898,21.0095462243971,13.8,7.7,105524,24116,4.3756841931,"no","no","2020-03-31",16.332048434,13.023916645,26.5,27.1,79.560644526,15.065337557,11.7,39,2020-03-25,30.7057399563792,-98.684131913665
13492,48093,0,4958,0,9504,90,81,3677,62,1,77,9815,42419,44.4,948,2761,1204,546,1070,1118,36,13506,937.753129058104,14.4025112596166,21.3,5.2,91986,20331,4.5244208352,"yes","no","2020-03-31",19.61412806,14.522763417,26.4,25.4,15.178188064,16.595722607,15.4,25,2020-04-01,31.9479813956913,-98.5582292439637
5821,48205,0,1877,0,3467,490,81,1527,1,48,207,4294,64427,39.8,382,945,561,178,536,317,2,5966,1461.95033563728,4.08084998140471,7.3,1.6,105542,31936,3.3047970942,"yes","yes","2020-03-31",15.243968617,13.134024208,29.9,27.3,73.804025074,21.746258071,4.4,32,2020-04-20,35.83999590764,-102.602932204804
7891,48069,0,2936,0,2595,54,93,5039,6,10,92,2852,44643,34.4,758,1276,414,220,543,832,22,7875,894.433628292228,8.80445429476528,16.2,4.8,87818,24379,3.6021986136,"no","no","2020-03-31",24.165192397,14.093096116,27.3,21.5,48.920863309,17.136731575,18,35,2020-03-21,34.5298933819647,-102.261679438047
10266,48399,0,3872,0,6394,134,109,3474,37,5,113,6792,41226,41.1,685,2140,1063,275,1017,1085,28,10411,1050.94416744563,9.90633025282821,17.8,4.6,88782,19870,4.468142929,"yes","yes","2020-03-31",20.873449843,15.016094594,29,28.5,47.585944196,16.995234823,14.4,37,2020-04-28,31.8310872726386,-99.9762276099264
22962,48179,0,8927,0,14807,981,162,6412,203,0,376,16550,48314,36.7,1904,3898,1508,451,1418,1773,40,23028,925.973627696442,24.8689588031649,15.7,5.3,99861,20345,4.9083804375,"yes","no","2020-03-31",19.447557638,15.735951756,33.8,29.5,92.367428445,18.598500688,10.9,45,2020-04-01,35.4012137351961,-100.812603616589
48139,48013,15,18145,0,16480,353,186,30585,55,12,468,17554,55194,35.4,3978,9190,2926,1414,3415,3781,90,47710,1219.54048877763,39.121292354812,15.3,7.2,105098,23811,4.4138423418,"no","no","2020-03-31",23.67838846,14.394469898,36.7,32.1,41.16586137,17.596359671,17.1,36,2020-03-25,28.8935141156428,-98.5271601660977
20473,48281,20,7983,0,14916,621,226,3935,84,40,440,16538,54467,41.8,1203,3084,1871,983,1899,913,17,20357,712.84106267477,28.5575580110594,13.7,8.2,109528,26315,4.1621888657,"yes","yes","2020-03-31",16.640287912,14.280502671,30,25.3,49.006454236,18.460983657,5.7,26,2020-04-03,31.1962175624693,-98.2414717914022
66606,48203,7,25568,0,42506,14192,468,8467,209,33,704,58139,48644,37.7,5169,12828,5859,2345,6318,3575,71,66431,899.934602251454,73.8175861154834,17.7,8.3,97207,22112,4.396119754,"no","no","2020-03-31",18.421327733,15.5512299,44.2,31.2,63.047949902,17.575217373,14.5,46,2020-03-27,32.5481442754672,-94.37147534619
24832,48007,0,8955,0,16803,390,500,6714,6,26,393,18118,44601,49.6,1252,4088,2251,1309,1768,895,26,24729,252.084298495608,98.0981368041487,17,7.5,102962,19557,5.2647134019,"yes","yes","2020-03-31",20.550540941,14.157452328,40.5,36.3,80.602815442,15.891207446,18.7,42,2020-04-05,28.2317850523074,-96.9404738218518
164092,48139,325,71693,40,102697,14640,1104,41791,419,156,3217,122301,67371,36,12448,24915,16526,6616,19142,16403,201,160225,935.658670110252,171.243002516206,11,5.5,132840,33175,4.0042200452,"no","no","2020-03-31",15.928453688,13.138732445,38,26.9,65.958826282,16.544541258,12.5,50,2020-03-17,32.3484313284083,-96.7945128254061
49401,48277,19,19071,0,37039,6093,437,3689,152,7,1836,45712,42198,40.4,3560,9109,4006,1716,4130,4956,112,49626,907.193841861358,54.7027522785854,19.9,7,89655,17191,5.2152288988,"no","no","2020-03-31",19.558620172,17.973480918,34.3,37.3,63.647500653,15.918780649,15,48,2020-03-25,33.6672563012463,-95.5712041736365
336506,48027,664,139999,0,158932,70588,9378,80846,977,325,13112,255660,52583,30.6,33104,42677,32377,16680,40917,16512,214,330859,1051.0252229968,314.796441379987,14.7,8.7,99553,25144,3.9593143493,"no","no","2020-03-31",20.289556752,15.179414783,34.8,22.9,77.680145696,20.343420575,11.1,39,2020-03-13,31.0376798954995,-97.4782479769508
222277,48423,198,90075,0,134122,38746,3497,42128,730,246,2577,180149,50742,36.6,17756,28861,25104,11297,27121,15406,309,219745,921.510270429648,238.461802381807,17,6.6,106842,22625,4.7222983425,"no","no","2020-03-31",18.491964908,15.871641939,34.4,27.6,72.493491136,18.032393258,13.6,52,2020-03-13,32.3750456268362,-95.2691806754865
91518,48469,373,39645,0,41590,5331,971,42139,137,171,1179,49379,55740,35.7,7661,15424,7819,3760,9169,6672,134,90989,882.105970585228,103.149738278762,14.7,5.5,110123,23641,4.6581362887,"no","no","2020-03-31",21.961190023,14.51170796,36.4,29.8,79.053610314,20.036655247,18.2,48,2020-03-24,28.7963585155098,-96.9715273025109
114852,48257,155,49273,0,76486,11926,1239,22817,491,166,1660,92035,63926,35.7,9272,19308,10175,5046,12897,11450,154,111830,780.68277675388,143.246403443144,13.7,7,123275,29214,4.2197234203,"no","no","2020-03-31",16.904775778,14.878533889,35.8,27.5,58.720851476,20.576285444,9.5,50,2020-03-25,32.5993005093801,-96.287783790387
32729,48025,0,9297,0,10555,2697,155,19058,151,27,83,13671,45415,35.2,2213,4846,1263,784,1428,3082,53,32706,880.239012202224,37.1558173934765,20.5,6.1,84750,15778,5.3714032197,"yes","yes","2020-03-31",23.853585888,15.765248622,30.7,21.7,50.88980258,19.809911966,13.3,29,2020-04-08,28.4173762131759,-97.7411741655143
47205,48493,0,18950,0,27225,634,163,18488,85,57,521,28717,71942,40.4,3051,9251,4199,1963,5162,2790,41,46444,803.734187394088,57.7852736992355,10.5,6.2,129470,30755,4.2097219964,"no","no","2020-03-31",17.345491405,13.170295705,33.5,33.9,31.553194464,19.403064616,12.7,37,2020-03-25,29.1740007335726,-98.0865747504685
53026,48401,0,19103,0,34304,9029,243,8559,101,30,760,44467,49270,38.5,3722,9038,3855,1748,3985,3065,65,53197,924.036479444756,57.5702379542045,16.5,5.9,101585,22854,4.4449549313,"no","no","2020-03-31",21.275809968,16.745604024,38.8,32.1,41.078192387,18.740169662,15.5,41,2020-03-18,32.1077286865248,-94.7618883969121
7191,48377,28,1730,0,979,0,358,5854,0,0,0,1337,26486,41.4,625,763,608,306,614,615,19,7144,3855.25065040159,1.85305720634684,24.5,9.2,62198,11268,5.5198793042,"yes","yes","2020-03-31",34.702353389,16.35750904,29.5,30,94.576618061,12.96436988,19,12,2020-05-25,29.9997640529087,-104.240520148053
79884,48291,78,26740,0,52576,7972,454,17488,269,65,1055,62396,48344,35.8,6511,16304,3474,1391,3962,5116,111,78598,1158.43869514926,67.8482170261698,17.3,9.2,96358,21414,4.4997665079,"no","no","2020-03-31",20.35178764,16.686172315,33.8,38.3,54.517932922,18.805088272,19.7,35,2020-03-25,30.15159404585,-94.8121985754714
135371,48441,418,60050,0,87366,10018,2612,32219,670,192,2221,103152,49161,32.2,11800,18868,13250,6517,15022,13275,263,135234,915.5510856748,147.707759966585,17.5,5.5,102007,22971,4.4406860825,"no","no","2020-03-31",18.742844154,15.277754787,32,28,84.133043359,20.20388983,7.9,44,2020-03-27,32.3014294038557,-99.8901131589302
80306,48021,77,30408,0,43147,6219,686,28883,353,368,650,51423,59185,38.8,5662,12349,7527,3249,8415,4373,57,78286,888.171992852292,88.1428379075441,13.6,8.6,116107,27801,4.1763605626,"no","no","2020-03-31",20.343852258,15.633213058,38.4,23.9,47.513179005,19.331467398,11.7,41,2020-03-21,30.1036089734224,-97.3120284466542
155744,48135,310,67779,24,53705,6451,1628,91475,283,238,1938,64269,59528,30.3,16083,20816,10084,3775,11890,12222,269,153177,897.725946687266,170.627796339456,12.4,6.4,116166,26646,4.3596036929,"no","no","2020-03-31",20.904542569,14.225831664,32.3,30.3,71.059578502,19.949437185,7.7,39,2020-03-29,31.8691916201687,-102.542889458471
2236,48243,0,763,0,1361,15,33,810,3,0,14,1426,46534,55.3,70,231,326,316,334,116,1,2221,2264.55471560609,0.980766763856075,8,4.8,84202,20217,4.1649107187,"yes","yes","2020-03-31",21.582434922,13.907125123,26.6,23.5,47.822374039,14.658153466,8.3,24,2020-06-26,30.7153800257367,-104.139971563031
13660,48059,0,4710,0,11862,201,33,1249,8,0,307,12411,40945,43.3,901,3188,1080,449,1054,931,28,13596,899.37180762099,15.1172183570708,18,3.8,87744,17846,4.9167320408,"yes","yes","2020-03-31",16.77024025,15.452111313,34.8,29.5,54.555522741,18.198158593,13.4,40,2020-04-07,32.2976530755253,-99.3734934771638
8774,48335,7,2613,0,4270,902,33,3446,30,0,93,5328,52194,34.6,523,1364,545,160,526,535,21,8995,911.089111039268,9.872799368373,10.2,6,102432,24085,4.252937513,"yes","yes","2020-03-31",17.87552157,13.55322752,30.8,24,4.3390407317,21.807531097,6,26,2020-04-07,32.3062077633602,-100.921147883565
17577,48003,0,7744,0,7229,265,37,9737,16,0,284,7840,70753,31.6,1733,3109,663,355,824,1606,37,17215,1500.72069074688,11.4711552297133,10.7,5.2,132125,30987,4.2638848549,"yes","yes","2020-03-31",19.851002217,13.4363002,34.9,26.4,93.865819018,20.115429871,6.7,24,2020-04-04,32.3050357017484,-102.637746358969
5806,48207,0,1940,0,3822,182,43,1605,32,11,111,4201,43529,43.4,301,1148,377,155,377,355,17,5812,903.132658862518,6.43537795136334,20.6,9.6,80156,16627,4.8208335839,"yes","yes","2020-03-31",20.885463293,15.705160073,26.7,32,61.129004916,17.61780248,10.3,37,2020-05-15,33.1782360047118,-99.7303078800065
16727,48395,0,6487,0,9682,3299,45,3382,41,10,250,13345,52189,41.4,1195,3254,1170,526,1291,1069,25,16537,855.683736202526,19.3260655781425,15.1,7.9,100010,21114,4.7366676139,"no","no","2020-03-31",18.975514991,14.72178451,36.6,34.9,48.345566117,17.308039976,16,41,2020-03-25,31.0270427954614,-96.5128097788861
23273,48219,12,9587,0,11112,849,45,10921,131,8,195,12352,49184,33.4,1766,3027,1313,639,1571,2049,91,23377,908.391408257126,25.7345014357324,15.7,7.2,97150,20876,4.6536692853,"no","no","2020-03-31",21.931287222,14.672073421,28.6,33.6,65.798997166,18.538219317,7.2,31,2020-03-20,33.6076354646342,-102.343198051467
21316,48019,10,7614,0,16788,213,47,3836,48,16,368,17480,56413,52,951,4148,2588,1287,2527,820,20,21015,790.994367732598,26.5678250785021,16.5,4.1,104633,24256,4.3136955805,"yes","yes","2020-03-31",16.935833605,13.663315439,29.9,27.8,58.481815963,16.989327698,8.6,39,2020-04-09,29.7472151697589,-99.2463100658362
63420,48427,82,18213,0,403,24,57,62903,9,10,14,517,27133,28.8,7128,7187,2467,921,3074,7460,214,63008,1223.17856614689,51.5116939945083,37.6,14.2,68083,12542,5.4284005741,"no","no","2020-03-31",38.887129293,18.830082122,38.4,27.6,25.009841228,14.217961553,10.6,25,2020-03-27,26.5621013780898,-98.738691624816
17955,48035,4,6523,0,14127,246,57,3154,59,0,312,14801,48677,46.5,1123,3693,1596,773,1401,988,20,17953,982.978764818618,18.2638736893902,14.8,6.4,97981,23804,4.1161569484,"yes","yes","2020-03-31",17.592109629,14.269071565,31.8,27.2,31.380408522,17.003577722,10.5,30,2020-04-15,31.9003885395025,-97.6343325720766
17596,48051,26,7117,0,11561,2169,59,3537,31,0,239,14059,52510,42.9,1220,4080,1129,688,1316,1093,22,17417,659.031562076322,26.4281727951338,13.6,6.1,103226,23988,4.3032349508,"no","no","2020-03-31",17.625474698,14.072572987,38.4,25,49.874905452,17.635401462,4.8,41,2020-03-28,30.4924781488661,-96.6214492747078
19969,48253,1,4652,0,10940,2892,59,5424,28,43,583,14545,48601,38.6,940,3240,1315,288,1248,2569,35,19944,928.554740802052,21.4785398465287,16.7,3.7,92609,21848,4.2387861589,"yes","yes","2020-03-31",19.793417607,16.075474406,37.9,25.7,43.698643699,20.363095039,13.3,30,2020-04-08,32.7398995167836,-99.8787593816798
7207,48111,15,3286,0,3692,124,63,3157,84,34,53,4050,45580,32.1,710,900,367,174,436,466,20,7052,1503.1311680041,4.69154000004128,16.2,4.8,98219,28728,3.4189292676,"yes","yes","2020-03-31",21.242602359,15.784335086,35.8,24.2,92.660002984,19.299188282,8.3,27,2020-04-07,36.2778870078745,-102.602222564886
7098,48017,0,2380,0,2459,108,63,4447,5,0,0,2651,43523,35.2,614,1004,478,146,563,742,15,7131,826.971482208972,8.62303012064209,19.1,2.1,91974,25580,3.5955433933,"yes","yes","2020-03-31",26.991707829,16.253688372,31.3,24.6,82.121423587,16.271789238,6.1,41,2020-05-05,34.0685763742373,-102.829885696842
15804,48371,36,5620,0,4094,654,66,10822,87,20,52,4982,50543,36.2,1267,3031,696,329,823,1313,26,15826,4763.83263126998,3.32211503320195,9.7,4,96140,25137,3.8246409675,"yes","yes","2020-03-31",22.371432871,13.840546378,46.2,26.2,55.49751725,19.24599338,10.9,16,2020-04-06,30.7810187099771,-102.723539726268
8422,48083,3,3112,0,6512,231,70,1465,64,0,80,6957,40804,46.6,577,1867,639,241,533,579,20,8476,1261.94520270813,6.71661493843832,18.3,6,84609,19362,4.3698481562,"yes","yes","2020-03-31",20.247357914,15.737412413,25.1,26.6,69.050028106,15.869392648,17.8,25,2020-05-02,31.7732131703085,-99.4536426122545
19859,48285,21,8266,0,14750,1312,74,3593,8,3,119,16266,51708,43.9,1423,5096,1742,644,1750,1862,62,19654,969.708781937194,20.267940608661,10.4,3.5,112427,22065,5.0952639927,"no","no","2020-03-31",16.155863494,12.803812709,35.5,33.5,62.295592587,18.33732477,19,35,2020-03-18,29.3843448720639,-96.9301333629056
12043,48297,0,3869,0,6941,293,78,4669,0,0,62,7374,51480,42.3,655,2436,722,262,764,967,16,11976,1039.69427138651,11.5187707863669,15.9,3.4,102708,22783,4.5080981434,"yes","no","2020-03-31",20.585696295,14.521777204,28.7,21.4,33.787182378,17.920723064,14.5,34,2020-04-01,28.3514059637861,-98.1248362694414
18947,48117,41,7986,0,4914,148,94,13574,51,22,122,5373,51543,31.8,1979,2895,1186,387,1174,2418,60,19039,1496.82114935034,12.7196225202079,17.2,4.9,96718,25096,3.8539209436,"no","no","2020-03-31",25.437416955,14.667277633,26.7,20,80.817674995,17.754238791,5.9,35,2020-03-21,34.9659878601459,-102.604957203504
7064,48075,0,2391,0,4525,512,102,1536,68,0,79,5528,40432,32.8,499,1060,581,301,741,1292,13,7059,696.404544549562,10.1363497054227,22.8,6.3,87368,21667,4.0323071953,"yes","yes","2020-03-31",20.100915579,15.981398695,24.3,27.1,74.194006533,20.524823135,12.8,23,2020-04-19,34.5291495803669,-100.207624468151
14415,48505,0,4526,0,753,0,102,13560,0,0,0,855,34550,29.4,1758,1730,651,268,702,1338,20,14335,998.41198029444,14.357800470075,34.1,12.6,69543,12840,5.4161214953,"yes","yes","2020-03-31",35.610705448,17.275487681,31.2,19.7,45.327436154,14.865738054,4.7,32,2020-04-06,27.0007802048658,-99.1686546507025
35098,48217,5,13123,0,25038,2210,102,7017,85,5,571,28081,45970,42.5,2480,6589,2628,1293,2544,2398,47,34901,958.866964417814,36.3981671025558,19.1,8.9,94380,21718,4.3457040243,"no","no","2020-03-31",18.774084061,14.777709119,32.4,38,51.65151472,17.830318125,10.2,38,2020-03-30,31.9906835370599,-97.1324359800198
24479,48331,27,8842,0,15408,2063,122,6306,34,10,536,18173,41768,41.5,1756,5330,1860,633,1783,1577,19,24372,1016.85972806207,23.9679075957193,15.5,9.6,91309,19529,4.6755594244,"no","no","2020-03-31",19.946293507,15.292339769,35.4,30.8,60.629316961,16.676510238,13.9,40,2020-03-25,30.7863633305826,-96.9768709985635
16966,48289,0,5536,0,12986,1218,126,2405,99,6,95,14561,44875,44.7,1279,3854,1381,474,1148,875,28,16923,1073.15584330163,15.7693778640159,16,7.6,108657,21430,5.0703219785,"no","no","2020-03-31",18.140809611,15.692028652,33.8,27.8,19.308374502,16.875078458,19.5,43,2020-03-30,31.2965096387557,-95.9957029419834
25689,48419,43,8801,0,15961,4837,140,4580,40,7,103,21109,38121,37.4,2149,4312,1754,747,1857,1278,45,25705,795.588718211034,32.3094073754596,22.8,9.6,78252,17134,4.5670596475,"no","no","2020-03-31",21.990247704,17.439086874,26.5,30.6,42.140836215,16.603397324,10.7,42,2020-03-27,31.7924236826804,-94.1449676824716
23480,48293,3,8121,0,13905,4140,156,4994,66,50,169,18486,40356,39.5,1622,4472,1572,645,1438,1420,34,23469,905.287777137284,25.9243531092556,22.2,9.4,83791,19579,4.2796363451,"no","no","2020-03-31",21.404290787,16.950345332,29.5,29.9,61.418063633,16.667881512,23,43,2020-03-25,31.545462311665,-96.5805145180969
35444,48241,24,11395,0,26482,5929,180,2294,53,74,432,33150,41960,40.4,2223,9247,1653,1130,1781,1965,48,35640,938.65464749825,37.969236177533,16.3,10.4,95396,19144,4.9830756373,"yes","yes","2020-03-31",17.651689602,16.262371849,41.3,28.3,37.94175301,17.250579239,11.8,38,2020-04-02,30.7440022303307,-94.0251113888694
55993,48199,37,22967,22,48723,3151,264,3003,139,50,638,52990,56131,39.3,4393,12180,4357,1943,5188,4080,69,55624,890.585917228168,62.4577583408487,11.8,4.8,117894,22495,5.2408979773,"no","no","2020-03-31",14.708720572,14.116619285,37.3,29.8,55.601720509,20.128528908,7.7,42,2020-03-25,30.3323889083409,-94.390219466594
45017,48053,39,17179,0,33365,696,328,9857,276,0,495,35160,57173,44,2772,8384,4998,2523,4776,2196,34,44584,994.264475699256,44.8411877218529,14.4,4.6,108477,26706,4.0618962031,"no","no","2020-03-31",16.537019165,13.382040532,31.3,27.3,62.977777778,17.880923835,17.8,45,2020-03-25,30.7883461122037,-98.1824547827749
79687,48213,38,28798,8,62894,5224,528,9668,684,33,603,70019,44888,43.8,5080,15169,6711,3403,6849,4434,106,79213,873.763946912626,90.657208139444,18.8,6.9,92370,19909,4.6396102265,"no","no","2020-03-31",18.104290653,15.990933099,36.6,35.1,62.939948047,17.444308043,12.5,52,2020-03-29,32.2119018307324,-95.8535992311852
150889,48187,143,65891,22,77499,10668,2497,56319,304,433,3133,94570,66187,36.7,11447,24673,17245,9051,22389,9123,128,147313,711.274450334852,207.111333649969,10.5,5.2,125523,33192,3.7817245119,"no","no","2020-03-31",17.781775292,13.430684793,33.8,23.1,65.312126995,19.848933097,10.1,39,2020-03-25,29.5830639575478,-97.9485855642366
1983675,48439,5669,889328,284,959103,308577,100560,559025,5443,3539,44130,1424650,62532,34.2,168563,250223,264881,128378,332990,195518,1798,1947529,863.64968146915,2254.99880540345,14.4,6,126278,29108,4.3382575237,"no","no","2020-03-31",19.945542049,14.048999673,29.5,24.9,93.863133584,18.635677106,10.4,49,2020-03-10,32.7715679314352,-97.2912352194565
194843,48209,800,86716,0,107718,6784,2503,73608,428,410,3307,121235,62815,31.3,13938,20648,27823,14296,34785,14460,130,185686,677.986911965724,273.878443260255,16.2,6.1,122578,26921,4.5532483934,"no","no","2020-03-31",18.020594954,14.14718491,30,19.4,72.410522765,22.712249167,8,46,2020-03-14,30.0581465105443,-98.0310704346628
40544,48055,35,16307,0,16661,2458,393,20537,86,0,386,20007,51346,35.8,3038,7758,2525,1201,2780,2738,55,39848,545.22807441062,73.0850113378238,18.6,4.5,98741,23569,4.1894437609,"no","no","2020-03-31",23.058850624,15.43705445,39.1,27.3,58.719066884,17.439645173,10.6,45,2020-03-28,29.8371030295206,-97.6199974126043
83909,48361,67,34163,0,68273,6928,946,5946,240,78,1495,77963,53667,37.7,6673,18312,6754,2035,6942,5946,81,83751,333.780795197892,250.916173743147,15.2,7.5,113140,24729,4.575195115,"no","no","2020-03-31",16.922005959,16.419416545,40.8,38,63.547050845,18.44253776,15.3,43,2020-03-25,30.121309960283,-93.8938947557004
57471,48323,59,19875,0,1521,129,253,54767,666,64,39,2704,37734,29.6,6260,4849,2808,999,3474,8320,223,56830,1279.47222886654,44.4167514681773,24.7,12.4,83443,14774,5.6479626371,"no","no","2020-03-31",35.165869361,16.61157805,38.3,29.5,80.176195215,15.485189151,16.5,26,2020-03-25,28.7424785048339,-100.314487941128
32664,48449,57,13452,0,15121,2970,253,13749,75,13,483,18915,46980,34,2739,4989,2192,938,2341,3137,60,32592,406.057144029914,80.2645649243865,20.8,6.6,90396,21573,4.1902377972,"yes","yes","2020-03-31",22.79427087,16.197378193,31,35.2,49.195892868,17.37513372,11.3,41,2020-04-03,33.2165943007783,-94.965693187404
57747,48001,39,17911,0,34468,12075,314,9981,160,11,716,47766,42313,39.1,3075,10148,3221,1973,3609,5575,75,57772,1062.60261463334,54.3683962418394,17.1,4.3,82461,19270,4.2792423456,"yes","no","2020-03-31",19.727722639,17.386320799,36.5,23.1,26.389886756,19.238291739,10.4,43,2020-04-01,31.8133237964232,-95.6525453696769
41016,48143,57,17284,0,30923,673,314,8439,200,12,440,32577,47013,30,2731,4325,4288,2158,5199,3470,42,40641,1083.09011417034,37.5231935628288,24.5,4.1,102017,17918,5.6935483871,"no","no","2020-03-31",19.089107038,15.636347626,25.8,27.8,64.534177883,20.26117626,16.4,47,2020-03-25,32.2362572603157,-98.2179495030184
63247,48497,39,25123,0,49012,752,314,11859,239,8,952,51388,59081,38.5,4839,11720,5397,1859,5980,5384,84,62089,904.391242887856,68.6528098190564,12.5,6.6,114867,27509,4.1756152532,"no","no","2020-03-31",16.558681923,14.610213349,33.3,30.7,38.410540024,19.131724483,20.5,48,2020-03-30,33.2159211220831,-97.6544897806832
39283,48071,30,15795,0,26720,3154,506,8396,42,0,465,30887,74368,35.4,3006,6411,3492,1610,4400,3431,13,38072,597.14666980782,63.7565307234364,11.7,6.4,153426,27920,5.4952005731,"no","no","2020-03-31",17.112090658,14.996608427,28,26.3,70.332801459,20.605660916,7.9,28,2020-03-24,29.7394354562922,-94.6081773537813
358484,48355,2197,151917,15,108703,12915,6823,225811,806,229,2977,132673,53317,35.1,27466,54696,31165,17224,38602,31926,517,355667,838.313819967236,424.264746123237,17,6.1,107970,22487,4.8014408325,"no","no","2020-03-31",23.326161652,14.396679473,32.7,24.9,95.145242973,19.907853456,13.1,40,2020-03-24,27.7237548867707,-97.6462698306192
18166,48503,0,7456,0,14306,271,75,3283,94,0,137,14883,46351,41.5,1344,3131,1636,764,1771,1685,32,18275,914.468641381862,19.9842828644014,15.3,4,98523,23697,4.157614888,"no","no","2020-03-31",18.090563813,15.943558128,34.3,29.1,59.929919137,17.900873305,18.8,38,2020-03-27,33.1766284217573,-98.6877429385401
34527,48189,50,13051,0,11938,1522,83,20291,23,26,635,14236,46012,33,3092,5578,2324,1058,2656,5668,135,35007,1004.68195515147,34.8438625980121,20.7,6.5,82906,20002,4.1448855114,"no","no","2020-03-31",25.690532463,15.692036876,32.4,30.8,74.04956855,18.030260497,8.1,39,2020-03-25,34.070510712366,-101.826893731821
22849,48225,0,7068,0,14155,5694,87,2439,36,35,403,20410,33552,44.6,1215,4620,1830,580,1593,1360,30,22802,1231.00446874319,18.5230846670118,24.4,4.9,70100,14686,4.7732534386,"yes","yes","2020-03-31",22.262540368,17.821101442,24.7,31.6,56.480701163,16.450770258,11.5,39,2020-04-19,31.3177393633889,-95.4226866097954
40506,48459,40,15255,0,32704,3611,91,3263,298,136,403,37243,48796,40.7,2760,7412,3255,1382,3388,2595,42,40295,582.933532404876,69.1245189374578,13.5,7.7,98491,22760,4.3273725835,"no","no","2020-03-31",16.163369223,15.19085237,30.8,30,26.256073673,19.122554202,18.2,43,2020-03-20,32.7362738454722,-94.9414870765998
19889,48165,0,7548,0,11198,452,91,8066,28,31,15,11823,58167,28.1,2490,2704,798,420,970,1302,36,19485,1502.36352966025,12.969564033817,10.7,4.5,105583,24854,4.2481290738,"no","no","2020-03-31",20.003245194,14.909157578,34,27.9,36.003651717,20.627352197,5.5,31,2020-03-25,32.740754760293,-102.635191629822
9220,48043,0,3724,0,4768,13,99,4079,153,12,96,5141,38906,43.1,513,1374,1492,915,1792,945,8,9188,6183.7594395122,1.48582752771586,11.2,7,94968,19365,4.9041053447,"yes","yes","2020-03-31",21.545321723,14.441223413,25.9,26.8,57.939774697,17.034367803,12,21,2020-05-01,29.8119444579371,-103.251748641627
4122,48319,0,1847,0,2962,1,103,1001,12,0,43,3121,40949,48.9,300,943,424,198,338,340,4,4064,928.80268739831,4.37552566884121,14.9,4.4,87871,19213,4.5735179306,"yes","yes","2020-03-31",16.930341069,12.270823258,25.9,23.2,69.915254237,16.564631265,12.1,42,2020-04-04,30.7177296866906,-99.2261530292456
12972,48487,0,5998,0,7708,1034,119,3710,95,15,291,9262,43913,37.2,918,2053,1011,322,945,1707,41,13061,970.867409946262,13.4529183554765,16.4,6.1,88091,17653,4.9901433184,"yes","yes","2020-03-31",21.00965408,16.160630403,34.1,28.6,28.518655338,17.038043418,14.4,49,2020-04-14,34.0807825145711,-99.2410169619406
23574,48365,48,9266,0,17311,3844,150,2017,12,0,230,21557,49704,38.7,1499,4493,1599,726,1768,1228,49,23771,811.355009982584,29.2979025303735,14.6,4.7,99372,20729,4.7938636693,"yes","yes","2020-03-31",17.923503839,15.843510038,37.2,26.4,39.380568163,17.833463612,16,38,2020-04-02,32.1623614039156,-94.3055943295045
24963,48149,22,10748,0,17951,1489,182,5098,13,0,230,19865,56941,47.2,1631,6266,2412,833,2278,1447,43,24909,950.00773356399,26.2197865553714,10.8,1.7,105644,21661,4.877152486,"no","no","2020-03-31",16.298472054,13.018046752,21.9,23.4,57.538486601,17.767531211,16.1,44,2020-03-25,29.8767784041994,-96.9197845202685
37787,48049,52,14314,0,27465,1369,238,8119,92,3,501,29668,43062,41,2444,8075,3183,1386,3203,3382,81,37935,944.437085954456,40.1667835413966,17.7,4.1,90225,21850,4.1292906178,"no","no","2020-03-31",18.475035705,15.156660418,38.6,33.7,64.869049494,18.417298375,12.7,41,2020-03-20,31.7742661411352,-98.999782525726
35929,48223,42,14101,0,26577,2390,254,5859,74,35,713,30070,47832,39.6,2670,7176,2796,1363,3019,2518,86,35844,767.191670554342,46.7210494792006,19.5,6,99036,21890,4.5242576519,"no","no","2020-03-31",19.536763735,16.543250654,30.9,34.9,41.361167202,17.654351146,9.8,44,2020-03-25,33.1495644217203,-95.5639571346018
31540,48273,0,12286,0,6618,1098,632,22819,40,45,288,8721,41700,27.9,2635,3159,2897,1299,3443,1981,63,31877,881.305785001084,36.1701926193084,23.8,10.5,92841,13864,6.6965522216,"no","no","2020-03-31",27.932046539,15.040413037,34,21.4,50.640965659,17.790307364,5.8,37,2020-03-29,27.4332368176265,-97.7501697232163
65411,48347,41,25340,0,39199,11221,1072,12372,172,17,1358,53039,41482,30.6,5261,8871,5756,3649,7273,3506,111,65556,946.538317903592,69.2586858450638,24.4,8.8,88716,17323,5.1212838423,"no","no","2020-03-31",21.853807264,17.032011344,35.6,28.6,62.923873287,18.65296501,15.1,48,2020-03-26,31.6159886317949,-94.6158656460196
159883,48329,194,75618,0,75630,9374,2913,69124,608,146,2014,90759,75815,31.8,15312,20269,19394,7339,22130,13334,202,155817,900.253794705364,173.081192122046,7.9,3.6,150050,34167,4.3916644716,"no","no","2020-03-31",16.680296619,12.504052855,34.5,25.3,66.220264188,21.823714035,6.4,42,2020-03-21,31.8691422345385,-102.03160395277
121230,48375,474,49104,33,54757,11301,6343,45560,328,89,2767,75670,41852,33.6,11642,16747,7824,3482,8885,15947,302,121883,908.402203669046,134.172946199066,21.9,4.6,83274,18922,4.4009089948,"no","no","2020-03-31",24.194614687,17.585883715,36.8,27.8,70.904330445,17.342794177,10.6,47,2020-03-21,35.4012933508104,-101.89393377508
130552,48381,209,63728,0,95851,3596,1906,26314,517,90,2175,104238,65564,35.6,9967,14826,17818,8631,20544,15104,208,128603,911.912540349914,141.025585579351,10.5,3.5,121928,31437,3.878487133,"no","no","2020-03-31",14.742233655,13.271109503,27.2,26.6,92.009939946,20.679302601,8.8,49,2020-03-27,34.9658780782713,-101.897059245554
321184,48167,1362,133758,0,186380,40304,10650,76806,832,153,5945,244378,65702,37.6,24251,44108,41264,21827,51882,26898,251,314485,378.945016029878,829.896123967506,13.6,7.2,145194,26412,5.4972739664,"no","no","2020-03-31",20.413934547,18.731028807,33.7,27.5,84.454651247,20.852546126,11.6,44,2020-03-13,29.3987162449929,-95.0482430808693
48976,48465,71,17707,0,7811,534,269,39855,64,0,395,9121,44609,31.7,4611,5767,3772,1521,4461,6331,158,48862,3144.74815425875,15.5376512213956,20.9,8.4,97202,18946,5.1304760899,"no","no","2020-03-31",29.44514613,15.773577733,25.2,24.3,81.969762066,16.896014585,8.3,25,2020-03-26,29.8929549128694,-101.151746224101
90322,48231,18,34978,0,65807,7044,1076,13837,716,51,1747,76485,49319,37.9,6334,16744,7264,4140,8559,4557,103,89068,840.318666185296,105.993123304439,18.9,9.7,103056,20375,5.0579631902,"no","no","2020-03-31",18.444616949,15.817496754,33,35.4,65.15575474,18.194588755,14.8,38,2020-03-25,33.123580121556,-96.0854915537149
36744,48321,144,14581,0,16503,3741,731,15230,160,0,337,21514,44896,37.2,3324,6705,2547,980,2423,2602,72,36719,1092.89512117826,33.5979173924877,21.7,6,91414,16354,5.589702825,"no","no","2020-03-31",23.477611819,16.11490721,37.7,33.7,66.898261675,16.663297637,9.8,38,2020-03-16,28.8211642563228,-96.0110051613857
70818,48471,30,21579,0,40319,16198,859,12584,245,28,575,58234,41456,35.2,4001,10805,6546,2770,7136,7008,93,69926,784.1861157221,89.1701582035921,24,4.2,91157,13723,6.6426437368,"no","no","2020-03-31",21.203360984,17.241100101,35.9,30.6,76.880682572,19.940796077,15.8,42,2020-03-25,30.7390288825488,-95.5722968272191
131778,48485,478,51818,42,87142,13018,2668,24423,773,477,3229,107355,45776,34.2,10094,20101,12916,5870,14909,13325,260,132148,627.780005576636,210.500491933664,18.5,5.2,93011,18861,4.9313928212,"no","no","2020-03-31",22.87832167,17.725334105,35.2,30.8,69.066920152,17.960878767,14.4,44,2020-03-18,33.9879116417909,-98.7036213467419
21821,48057,44,8945,0,9426,567,1079,10503,13,0,219,11318,58788,37.7,1709,3843,1587,756,1692,1361,13,21805,506.838807380448,43.0215675723357,18.1,6.3,112735,25034,4.5032755453,"no","no","2020-03-31",20.950035718,14.001674427,30.7,22.7,55.217248959,17.672879456,13.5,29,2020-03-26,28.5078326643032,-96.6011515700537
298042,48303,1270,134074,0,162449,20465,6110,102770,1051,320,4681,195272,49078,30.7,22875,36988,31162,18975,40656,45600,648,294682,895.59654473621,329.03431989769,19.5,5.4,101909,20616,4.9431994567,"no","no","2020-03-31",20.563234126,14.618253287,34.7,26.8,89.65358945,19.283906513,7.9,45,2020-03-17,33.6102163401875,-101.820533339774
13979,48313,0,3720,0,7794,2428,159,3134,17,0,425,10845,44004,35.2,743,2286,921,341,901,1162,21,13843,466.065062429532,29.7018616410301,16.5,3.9,103948,20617,5.0418586603,"yes","yes","2020-03-31",19.462672377,16.197061008,27,28.4,0,20.124666905,13.3,42,2020-04-09,30.9655513582695,-95.9284303071052
41318,48249,0,14951,0,7556,214,231,33151,36,15,67,8167,41103,34.5,4000,7946,2246,652,2392,3417,70,41486,865.168905193996,47.9513303713772,20.7,6.3,94241,16165,5.8299412311,"yes","yes","2020-03-31",29.358750645,15.203602213,32.2,26.1,47.345609481,15.950532088,13.1,37,2020-04-02,27.73135769889,-98.0898726624237
48239,48349,77,18450,0,27631,6323,302,12647,153,25,660,35592,45103,38.9,3813,7447,3170,1740,3543,4798,71,48177,1009.63176966401,47.7173970229092,19.9,10.4,94076,20155,4.6676258993,"no","no","2020-03-31",21.094765452,16.328522955,30.4,24.8,53.160155023,17.142599032,9.9,47,2020-03-27,32.046931595509,-96.4724821972331
51594,48073,0,19149,0,31603,6991,302,11605,264,12,817,39989,44294,38,4152,7770,4229,1866,4298,3491,92,51257,1052.97354967359,48.6783357624597,21.9,6,90710,20087,4.5158560263,"no","no","2020-03-31",21.390740094,16.207934139,42.8,33.7,47.455993706,17.690908559,14.1,43,2020-03-27,31.8369645530145,-95.1651950200651
55418,48221,48,21203,6,46999,384,446,6641,482,0,466,48777,60275,46.8,3453,9281,7260,3201,6776,5050,85,54217,420.652679556372,128.887803727242,12.1,3.2,122054,25467,4.7926336043,"no","no","2020-03-31",15.362026373,12.968680416,28.9,27,72.65444883,18.049901496,7.2,49,2020-03-27,32.4299512217898,-97.8323083987485
50761,48265,7,19457,0,35478,719,494,13263,101,10,678,37498,48698,47.8,2865,8386,6047,3452,5152,3020,61,50505,1103.32584894841,45.7752349844217,16.7,8.2,98033,25529,3.8400642407,"yes","no","2020-03-31",18.289321371,13.206662996,24.4,26.1,70.913853904,16.20894352,20.8,49,2020-04-01,30.0614603760737,-99.3500201683957
93635,48037,125,34193,0,60361,22371,892,6932,792,30,2241,86703,46283,38.2,6718,17775,8340,3819,9060,4876,139,93483,885.0051471825,105.629894128427,19.5,8.1,96092,18208,5.2774604569,"no","no","2020-03-31",18.895084234,17.14611872,47.3,39.3,40.863177227,18.431256626,14.8,43,2020-03-16,33.4457879621484,-94.4233735208368
66867,48409,63,26790,0,26351,992,669,38004,115,10,712,28863,53332,35.1,5769,10940,4160,1903,4670,3450,111,66706,693.435694301982,96.1963748738761,14.3,5.3,107110,22591,4.7412686468,"no","no","2020-03-31",22.99143047,15.141419345,40.3,33.8,48.088080983,18.034689983,10.4,39,2020-03-25,28.0092095557493,-97.5187919526894
75818,48099,113,26553,0,45085,10391,1338,13459,456,25,4504,62359,50865,31.2,6411,9278,5159,2082,6131,4312,45,75710,1052.20487001264,71.9536681094153,14.1,9.2,91331,24867,3.6727791853,"no","no","2020-03-31",18.427497168,16.216101313,42.2,24.4,63.847031358,20.713435042,10.1,35,2020-03-25,31.3909228033582,-97.7992161148626
116906,48451,85,50114,0,63505,4682,1338,45407,215,137,1577,71499,49662,34,9173,17416,12276,5528,13871,11547,204,116264,1521.9900290732,76.3894623349128,13.8,3.9,101567,23443,4.332508638,"no","no","2020-03-31",19.214423845,14.144435869,29.1,24.8,76.856220061,19.888542296,12.3,48,2020-03-25,31.4044540351868,-100.462133208911
48548,48325,56,19198,0,21624,1140,303,24884,163,0,426,23664,59305,38.8,3262,8582,4251,2228,5155,3253,62,47920,1325.35820985833,36.1562629963429,14,6,120525,24712,4.8771851732,"no","no","2020-03-31",20.297050184,13.202087644,33.8,25.4,54.251619354,18.800971233,12.6,37,2020-03-18,29.3557098369068,-99.1100938069095
48443,48473,185,19066,0,20853,12041,351,14230,36,66,846,34213,53506,28.8,3793,7092,3477,1544,3739,2659,27,47049,513.336234153478,91.6533781753914,19,9,114094,24140,4.7263463132,"no","no","2020-03-31",21.251302725,16.27770044,36.1,31.5,24.020368013,17.301302546,11.1,43,2020-03-29,30.0108278342035,-95.9876573883495
269624,48479,1120,94132,0,9382,736,1343,257482,154,175,327,12142,40442,28.4,30261,33491,18078,7589,22824,34690,513,266006,3361.4760980156,79.1336877739612,32.1,5.9,92128,15551,5.9242492444,"no","no","2020-03-31",34.752485638,18.426031638,37.8,29.3,87.509987855,16.288484272,6.5,35,2020-03-18,27.7611173646321,-99.3315273116027
1892004,48029,22716,784307,25,537451,133212,49745,1130949,2866,2844,33165,761055,53999,33.3,157597,248198,208782,118777,275470,152231,2040,1858699,1239.87739270445,1499.09903264367,17.2,6.7,110196,23237,4.742264492,"no","no","2020-03-31",22.492039858,14.899297572,28.6,23.4,86.264129421,20.053430905,8.5,38,2020-02-12,29.4489456893584,-98.5200117080441
711421,48157,5194,305681,13,244432,143866,136748,171949,1351,1091,11867,539472,93645,35.8,57824,67346,129438,77697,181856,44067,439,683756,861.86957750325,793.340451789438,8.2,5.4,178345,43395,4.1098052771,"no","no","2020-03-31",15.373437012,11.728355735,29.1,21.3,89.254067905,17.917411099,7.6,46,2020-03-04,29.5275067956293,-95.7708976303112
2552213,48113,34917,1100378,4667,771258,563220,152045,1011374,4450,4485,44283,1540839,53626,33.3,224939,311807,311327,177288,413649,234625,2453,2513054,873.066186853144,2878.42323736988,18.6,6.7,115244,25267,4.5610480073,"no","no","2020-03-31",19.308991615,14.893746644,30,24.3,96.274627461,18.078899824,8.1,51,2020-03-10,32.7666385750221,-96.7778840178179
914075,48085,5295,413952,1658,540387,84259,123495,137871,2858,2377,22260,776204,90124,36.5,71069,77960,194541,108514,265805,64721,483,886633,841.334910973722,1053.84073385693,7.1,4.5,171833,43050,3.991475029,"no","no","2020-03-31",12.532515096,11.502614335,27.9,19.7,90.128984675,19.256086289,8.8,55,2020-03-09,33.1879374224643,-96.5724018189062
214231,48041,2463,90005,0,121439,21819,12857,53696,238,214,3885,160535,43907,25.8,15228,17337,23839,20152,37171,16634,162,209896,585.517525831406,358.47944893188,27,5.7,104400,17455,5.9810942423,"no","no","2020-03-31",17.973388847,14.152728089,29.1,20.1,88.634905646,18.956604174,8,53,2020-03-17,30.6608114386226,-96.3023958744986
834825,48141,5196,318550,21,103880,25333,8801,686173,2344,419,7185,148652,43244,31.9,75541,91748,76291,35258,98401,107552,1940,833592,1013.18743471967,822.742141715012,22.5,7.9,89354,18467,4.838576921,"no","no","2020-03-31",26.804180447,13.836055884,28.6,20.9,81.761375488,16.859143745,9.6,32,2020-03-13,31.7685783112865,-106.234846654188
781321,48121,3725,367646,870,475452,70796,60788,149286,2289,1602,20529,632035,80290,34.9,59945,78863,148204,71260,194237,46272,439,754650,878.532978430106,858.988812632306,8.7,5.1,156810,38378,4.0859346501,"no","no","2020-03-31",14.428852499,13.069650279,25.2,20.2,94.47642217,22.409273498,8.7,52,2020-03-15,33.2052479804156,-97.1170170341532
535187,48339,2938,223865,0,363190,23915,14823,122934,746,673,8444,412253,74323,36.7,43875,68064,77686,39677,98295,33006,326,518849,1041.91901929596,497.974401456453,11,5.4,156281,32959,4.7416790558,"no","no","2020-03-31",15.016588343,14.610748407,26.1,22.2,83.920868203,20.184305988,9,47,2020-03-10,30.3001946425513,-95.5030166057275
345995,48039,246,152884,0,169835,44790,21494,102715,1054,443,5657,243280,76426,35.6,29771,43455,42804,23927,58070,26046,277,338419,1357.81144898721,249.238581875581,10.5,5.2,143915,32488,4.4297894607,"no","no","2020-03-31",18.376297341,13.406956708,28.2,28,80.513529566,18.238274997,10.5,41,2020-03-14,29.1896628162166,-95.4519265782876
4525519,48201,57933,1930740,950,1386576,838285,307109,1910535,8078,9681,62712,2614984,57791,33.1,404641,567633,559393,314848,746724,286356,3825,4434257,1704.85715677506,2600.95514886885,17.4,7,125953,25426,4.953708802,"no","no","2020-03-31",18.852601534,13.852121658,27.7,22.7,90.566209704,20.458969633,10,44,2020-03-05,29.8578076605391,-95.3937435125859
1176584,48453,20378,534828,407,580292,92653,74442,398398,1875,2250,26235,778186,68350,33.6,92285,114085,240380,136996,332446,61468,626,1148176,991.792175403694,1157.67801811166,15.2,5.2,144653,30792,4.6977461678,"no","no","2020-03-31",14.874787084,12.481495582,21.8,16.6,93.174429299,25.111292387,7,49,2020-03-13,30.3346990078377,-97.781970863138
508313,48491,2068,224663,11,309652,30364,30611,122387,962,896,13118,385926,79123,35.8,40802,56048,89380,44333,112981,29796,269,490619,1118.33259970725,438.70580194875,7.2,5.3,145713,40712,3.5791167223,"no","no","2020-03-31",15.092646502,12.565249776,30,19.8,87.269298924,20.922653606,8.9,52,2020-03-18,30.648037392587,-97.6007545659589
1114,48345,4,452,0,852,39,0,182,0,11,30,932,40598,37.6,74,218,92,24,64,79,7,1022,989.565488103902,1.03277651887218,15.5,10,84000,20278,4.142420357,"yes","yes","2020-03-31",17.638300205,14.132278853,28.3,22.8,24.958677686,16.612865307,11.2,26,2020-04-13,34.074066695813,-100.779820476598
602,48033,0,216,0,556,0,0,46,0,0,0,556,77708,42.1,77,89,116,46,108,18,0,698,897.442389517446,0.777765802187385,2.6,1.1,119900,41857,2.864514896,"yes","yes","2020-03-31",12.579258433,10.64309217,27.1,26.1,0,19.860369888,16.5,18,2020-09-23,32.7436454035683,-101.431726101968
680,48263,0,245,0,524,5,0,147,4,0,0,533,52250,46.7,74,85,86,32,97,68,1,667,902.506479411122,0.739052865786861,11.7,2.1,107214,20500,5.2299512195,"yes","yes","2020-03-31",16.81712833,13.049828388,26,22.9,0,17.066143723,7,20,2020-07-14,33.1813218187402,-100.777648381863
889,48393,0,360,0,805,0,4,66,0,0,14,823,79167,37.8,66,156,152,34,137,49,1,939,924.057316597492,1.01617073219822,1.8,2.5,128167,34833,3.6794706169,"yes","yes","2020-03-31",13.020937835,12.588105616,23.2,20.5,60.172228202,20.632411462,6.1,49,2020-04-16,35.8384267225435,-100.81357119924
721,48443,0,230,0,239,23,0,406,5,0,48,315,26063,47.3,14,120,54,43,62,73,1,778,2358.01580588572,0.329938416043724,24.9,5.1,85706,9750,8.7903589744,"yes","yes","2020-03-31",24.987693111,14.644991617,25.9,29.8,0,14.285577889,11,16,2020-06-23,30.2250045085937,-102.076499764506
3238,48081,0,1268,0,2490,21,5,682,20,0,20,2556,42500,49.1,79,695,336,159,396,417,10,3228,911.46955123954,3.54153355491703,17.2,4.3,82929,17956,4.6184562263,"yes","yes","2020-03-31",18.49138997,14.282470588,28.8,29.9,72.34939759,16.489287416,9.8,46,2020-05-05,31.8886374198281,-100.529930497317
